cid,boiling_point_c,vapor_pressure_mmhg,error
179,147.5,2.69,
240,178.889,1.27,
244,205.5,0.094,
323,299,0.001,
326,235.5,,
454,171,0.6,
798,130.5,0.0122,
957,195,0.0653,
1183,285.5,0.0001,
2345,323.5,0.0002,
2758,176.667,1.9,
2879,201.9,0.1125,
3314,252.5,0.0221,
4133,223,0.0343,
6054,220,0.0868,
6184,130.5,11.3,
6501,273.5,,
6532,229,,
6548,,0.01,
6549,195.5,0.1575,
6616,154.444,2.5,
6631,,,
6660,,,
6736,265.5,0.0055,
6874,277.5,,
6986,,,
7007,,,
7119,274,0.0082,
7122,300.5,,
7129,282,,
7136,,,
7137,,,
7150,198.5,0.38,
7165,75.5,0.26,
7342,112.5,25.4,
7391,,0.005,
7410,202.5,0.397,
7459,170.5,2.69,
7461,182,1.09,
7462,174,,
7463,177,1.5,
7531,,,
7583,258.5,0.0203,
7632,,,
7646,229.5,,
7650,239,,
7654,238.5,,
7655,230,,
7695,137,,
7704,234,,
7708,202.5,,
7710,134,,
7714,,,
7725,,0.25,
7731,175.5,1.14,
7738,259.5,0.0038,
7749,99,35.8,
7762,120.5,14,
7770,142.5,5.95,
7778,235,,
7792,,,
7794,206.5,0.28,
7797,188.5,,
7799,207,,
7803,123,,
7888,241,,
7921,207.5,0.5,
7943,,14.7,
7945,132,,
7983,166,10.34,
8038,116.5,17.8,
8048,243,,
8103,156.5,0.9301,
8129,175.5,0.2163,
8130,152.5,3.52,
8137,121.5,,
8163,232,0.04,
8164,208.5,0.4,
8174,230,0.0085,
8175,208.333,0.103,
8186,112,0.06,
8187,99,,
8193,259,0.0008,
8194,185,0.01,
8294,220,0.111,
8363,320,0.0001,
8365,234,,
8369,92.778,0.0003,
8432,91.5,,
8438,264,0.01,
8467,289.5,0,
8469,267.5,,
8499,244.5,,
8635,239.5,0.0271,
8785,213.5,1.4251,
8797,210,0.16,
8821,99.5,38.6,
8842,108.5,0.02,
8857,77,93.2,
8868,180.5,0.78,
8878,211,,
8908,171,1.32,
8914,214,0.02,
9017,229,,
9024,,,
10353,206.5,,
10795,64.5,171.18,
10947,324.5,,
11463,184,0.74,
12180,102.5,32.3,
12756,101,,
12810,118.5,,
12813,115,0.0051,
12844,,,
14235,,,
14489,151.5,,
14896,165.5,2.93,
15406,201.5,,
16299,268,,
16441,239,,
16666,216.111,1,
16821,,,
17100,219.5,0.0423,
17121,189.5,,
17525,205,,
17617,91,,
17739,125.5,,
18698,,,
18756,,,
18827,84.5,,
18938,197.5,0.225,
19089,186,,
20487,145,,
20739,,,
21059,289.5,,
21648,200,,
21895,,,
22310,193.5,,
22311,177.778,1.55,
22629,,,
24020,132.5,,
24117,101,,
24915,254,,
25612,,,
26447,208.5,0.27,
26955,271,0.054,
27866,86,,
29096,,,
31209,284,,
31219,221,,
31225,244.5,0.05,
31234,235.5,0.0234,
31244,248.5,0.0329,
31251,119,,
31253,166.5,2.09,
31260,132,2.37,
31265,167,1.56,
31266,185,,
31272,126.1,11.5,
31276,142.222,5.6,
31289,191.111,0.37,
32052,,,
36081,,,
42745,,,
60985,249,,
60995,220,,
61005,126,,
61007,152.5,,
61016,,0.76,
61031,,,
61040,101.5,,
61041,70,,
61204,153.5,,
61334,243,,
61585,304.5,0.0004,
62098,176,,
62334,,,
62341,94.5,,
62378,,,
62902,,,
64685,212,0.0502,
64805,,,
64813,,,
65575,286,,
80865,,,
83268,,,
86579,,,
87453,,,
89440,4,0.0005,
90978,,,
91497,128,0.0005,
91604,,,
92292,,,
92606,,,
93199,228,,
93375,,,
94111,,,
95560,,,
101330,,,
102844,,,
102861,,,
102916,81,,
105512,,,
105664,,,
106714,,,
106745,,,
106748,,,
106866,,,
107166,120.5,,
107381,278.5,,
108242,,,
108312,,,
108443,,,
109116,,,
109418,,,
110655,,,
110914,,,
111037,115,,
111418,,,
111727,,,
113514,248.5,,
116699,,,
118134,273.5,,
118201,,,
118292,,,
119897,,,
120101,,,
157342,,,
159055,204.5,1,
160641,,,
162268,,,
163336,,,
163588,,,
164422,,,
166523,,,
228987,,,
234237,,,
235414,137,,
240122,,,
249494,,,
439570,228.5,,
440968,156,,
517827,,,
519382,261.5,,
520506,,,
522514,,,
526760,,,
637511,253,0.0289,
637520,,0.04,
637531,222,,
637566,,0.03,
637758,,0.0033,
637776,,,
638011,228.5,1,
643820,104,2,
853433,266.111,0.02,
929336,,,
1268142,125,,
1549018,134.5,,
1549025,,,
1549026,242.5,0.02,
2733294,165.5,,
3017432,,,
3017783,,,
3782139,,,
5281167,156.5,,
5281168,47,6.6,
5281515,257.5,,
5282108,258,0.019,
5282110,,,
5283345,79,,
5283361,73.5,,
5284507,,,
5315892,248.5,,
5318042,159,,
5325830,,,
5352438,96,,
5352481,,,
5352539,80,,
5352543,115,,
5355856,,,
5362620,79,,
5362720,87,,
5362792,115,,
5362814,60,,
5362833,,,
5363388,75.5,,
5365699,,,
5365916,,,
5365976,,,
5366074,275,,
5367706,105,,
5372174,76,,
5463762,,,
5702654,,,
6021887,,,
6321405,,0.03,
6433547,,,
6437428,,,
6438067,,,
6440618,,,
9855795,,,
10857465,,,
11085796,,,
13918856,,,
15461361,140,,
16063567,,,
16070752,,,
16204527,,,
19871663,,,
44153588,,,
57353762,,,
64832,,,
2537,203.889,0.65,
88288,,,
86209,,,
641256,,,
443158,,,
5283335,,,
998,,0.39,
637563,234.5,0.05,
14286,191.0,0.37,
122510,,,
26331,152.5,1.67,
5371002,111.0,,
999,215.0,0.0038,
5374527,200.0,,
62336,111.5,,
93009,,0.6,
11658397,,,
106729,,,
7059,260.0,3.0,
53422908,,,
3034278,,,
7130,,,
6437737,,,
111376,,,
10149036,,,
6544,214.0,0.438,
7460,,1.4,
10890,186.0,,
3034895,,,
106734,,,
11552,91.5,50.0,
78435,,,
16220111,,,
61832,,,
8347,,,
106756,112.5,,
5355293,187.5,,
3591866,,,
6453284,,,
15984303,,,
539829,165.5,,
1550884,,,
6438196,,,
18955245,,,
1742210,,,
1550890,,,
6437266,,,
9856149,,,
342,202.5,0.11,
60997,310.0,,
62002,,,
61014,140.0,,
61945,107.5,,
92030006,,,
43851,,,
105513,,,
1213,270.5,,
106826,,,
62332,370.0,,
638014,267.5,0.054,
8092,218.5,,
175948,,,
114454,,,
22096564,,,
285097,135.0,,
11367306,,,
7984,,,
106766,214.5,,
9834606,,,
1136,135.0,,
5971,151.0,5.0,
2507689,,,
66327,,,
27941,,,
57495095,,,
57759198,,,
22201,156.0,1.5,
61951,280.5,,
7991,185.0,0.196,
7519,154.0,3.5253,
7966,161.111,0.657,
90787,,,
15405344,,,
11332546,,,
21933618,,,
8419,281.0,,
62900,,,
6441135,,,
94569,,,
6441804,,,
11527,174.0,,
41270,,,
61431,186.5,,
16751505,,,
90818,,,
162309,,,
162053,,,
98403,,,
445070,283.5,0.0,
3102,306.0,1.0,
444539,299.0,,
12020,114.0,9.68,
1031,97.222,21.0,
30914,,,
12741,210.0,,
8051,149.5,1.5001,
31252,155.0,1.5,
12178,134.0,4.81,
28500,173.889,,
660,271.5,13.4,
62465,235.5,,
61138,,,
61199,,,
176,117.778,15.7,
22833361,,,
6654,156.0,4.75,
263,117.722,7.0,
264,163.5,1.65,
534634,,,
440917,175.833,1.98,
31249,217.5,0.9976,
1030,188.222,0.13,
11980,196.8,,
7742,,,
8094,222.5,0.0107,
8892,202.5,0.2025,
22873,245.5,,
6374,217.778,0.04,
8042,315.0,0.0001,
7600,268.0,,
6590,153.5,1.81,
3776,82.3,45.4,
10430,176.0,0.44,
7793,225.0,,
18635,62.0,0.397,
9862,72.5,0.75,
8091,194.5,,
7559,216.0,0.13,
8918,212.0,,
7194,189.0,,
1049,115.5,20.8,
11230,89.0,,
6989,231.5,0.016,
6506,294.0,0.0022,
443162,80.75,0.05,
13006,194.0,,
1045,158.5,4.12,
273,179.0,1.01,
5634,275.0,,
18522,138.5,,
11509,123.5,13.9,
42011,,,
31211,187.5,,
102579,,,
66349,,,
26204,,,
66678,,,
1550846,,,
5365794,,30.7,
3033030,,,
459494,142.5,,
6999980,,,
8148,159.444,2.59,
1103,150.0,,
7580,264.5,0.0082,
25484,184.0,0.4,
10024,,,
10821,142.0,17.6,
98478,,,
7362,161.5,1.1251,
93847,,,
71552,,,
984,,,
93111,,,
6873,261.0,,
67285,,0.01,
161676,,,
78484,,,
8181,417.0,0.0001,
106917,,,
5371125,,,
7685,,,
76334,,,
17697,285.0,,
62433,,,
31236,237.5,0.007,
11030204,,,
92821,,,
543323,,,
5463791,,,
1127,121.12,18.0015,
1140,110.5,28.5024,
109245,,,
6850756,,,
929262,,,
19309,216.0,0.008,
5317570,,,
10453,108.5,0.0,
641423,,,
62375,88.0,,
31283,179.0,,
7657,296.5,0.001,
9016,211.5,0.08,
444972,200.0,0.0002,
2969,269.0,0.0004,
60999,319.0,,
5365049,181.0,,
24197,,,
9025,86.0,0.52,
16255,267.5,,
126,310.5,,
66823518,,,
243,249.2,0.0008,
61670,,,
7761,199.5,0.27,
61252,175.0,,
994,,0.0,
62374,93.0,,
116736,,,
61024,237.0,,
875,,,
1550470,,,
15654,,,
7593,330.5,,
15717,239.5,,
239,,0.0,
8049,303.5,,
7768,266.889,0.0019,
9012,270.0,,
196,337.5,0.0,
165675,216.111,1.0,
14296,190.0,,
145742,,,
15606,213.5,0.21,
8658,238.0,0.12,
15037,78.0,,
520108,90.0,,
62346,,,
8815,215.5,0.05,
23235,272.0,32.0,
24834,249.5,,
379,239.722,0.0037,
60998,247.0,,
7092,304.0,,
220674,,,
3893,91.4,0.0,
3578033,93.5,,
5352837,95.0,,
32594,,,
5541,259.0,0.0025,
10886,,,
520296,132.5,,
14104,215.0,,
595928,,,
61027,251.5,,
7720,185.0,0.136,
5364231,71.0,,
12587,200.0,0.44,
8159,192.5,,
325,135.5,,
5318599,,,
61325,221.5,,
16741,139.5,0.01,
61523,155.0,,
8375,213.0,0.0075,
5368076,,,
12097,89.5,,
61293,101.5,,
61192,117.5,,
7820,196.0,0.3,
5355850,,,
7635,192.222,0.23,
16867,144.0,,
88454,73.5,,
61641,74.5,,
62089,,,
7707,97.5,,
30248,233.0,,
7144,221.5,,
16617,225.5,,
7193,261.5,,
107631,,,
5273469,229.0,1.0,
6202,,,
13357,,,
8697,221.5,0.03,
61527,62.0,,
12294,208.0,,
7658,238.0,,
5370101,,,
7800,270.0,,
445639,286.0,0.0,
7755,197.0,,
61054,220.0,,
8792,263.5,,
7981,174.5,,
5355855,,,
4284,285.0,0.002,
5372813,150.0,,
8314,176.5,,
6999975,,,
8158,254.5,0.0016,
1616260,,,
24114,,,
12613,190.5,,
5362830,,,
985,351.5,0.0,
61633,,,
5355853,,,
5363269,,,
2723816,,,
22230,,,
6328154,,,
14228,,,
6987,234.0,,
7151,209.0,0.27,
5369459,300.5,,
11005,326.2,0.0,
26808,,,
6438195,,,
162413,,,
61155,123.0,,
2346,242.5,,
11902,181.5,,
5319706,,,
12377,194.0,,
12580,232.5,,
78925,170.0,,
10448,89.5,,
21768,,,
7128,,,
7047,237.7,0.06,
26334,181.0,,
23642,99.0,,
14514,100.5,,
7590,228.0,0.06,
6850728,,,
12385,,,
7601,324.5,,
24838,105.0,,
6997,204.522,0.153,
8205,150.0,0.0005,
62240,,,
62572,172.5,,
9964606,,,
170833,217.0,,
75153,,,
175661,,,
61046,,,
92543,,,
1549778,,,
13436,310.0,,
85755,,,
114233,,,
61185,,,
13187,192.0,1.6,
61386,311.5,,
10722,200.5,1.0,
8500,224.0,0.22,
6438291,,,
95596,,,
61809,158.5,,
17092,,,
12329,109.5,,
8184,243.0,0.003,
12410118,,,
1060,,1.29,
81263,,,
89014,,,
5367785,,,
166450,250.5,,
31404,265.0,0.0052,
121232748,,,
94648,,,
62087,,,
27458,181.0,,
10364,237.5,,
5281162,71.0,,
8698,250.0,0.01,
5357002,,,
86799,,,
30771,222.0,,
8710,,,
6826,255.5,,
12777,,,
1616358,,,
7711,226.0,,
5366044,,,
3018907,,,
104721,70.0,,
13561,228.0,,
5365069,95.0,,
61151,254.5,,
61048,242.0,,
62654,,,
6999977,,,
5280450,229.5,0.0,
95266,,,
8712,195.0,0.816,
6943,213.0,,
66768,,,
6920,213.0,0.36,
103377,,,
3354132,176.0,,
27440,161.5,,
6057,,,
2682,334.0,0.0,
8122,214.0,,
83763,,,
119674,,,
5962,,5280000000.0,
33032,175.0,0.0,
61229,287.5,,
13204,111.0,,
118111,,,
91337,,,
74005,,,
162452,,,
27867,227.0,0.05,
112226,,,
16872,198.5,,
17355,,,
98330,,,
6505,172.5,1.0,
6213,238.0,5.15,
753,290.0,0.0001,
61209,,,
6050,307.0,0.0013,
5363491,100.0,,
103402,,,
6274,,0.0,
10975657,,0.0,
5960,,0.0,
14328,,,
6322,,,
107217,,,
254555,,,
7127,254.722,0.012,
750,,0.0,
61771,77.0,,
157343,,,
5366244,,,
61331,150.0,,
8468,,0.0,
112446,,,
10285,262.0,0.0064,
5780,295.0,,
5610,166.0,,
2214,,,
6137,181.0,0.0,
5862,,0.0,
24203,,,
5950,250.0,0.0,
6140,295.0,0.0,
778574,,,
643731,94.5,,
6931725,,,
3017923,,,
109458,,,
29381,,,
5282109,,,
108313,,,
103212,,,
5371084,238.0,,
16063805,,,
20959,,,
162481,,,
163529,,,
91388,,,
62447,,,
13216,,0.0061,
31210,134.0,,
163617,,,
24191,,,
5367698,298.0,,
1201518,211.0,,
3019017,,,
44152604,,,
107071,,,
14491,118.5,,
61918,220.5,,
21003,,,
76722,,,
163259,,,
61653,166.5,,
9589,229.0,,
679,189.5,0.6,
7095,256.1,0.0089,
1254,215.0,0.0637,
11086,251.0,0.0099,
5961,,0.0,
11569,143.0,,
262,182.0,0.243,
556998,,,
7767,247.222,0.0002,
6287,,0.0,
311,,,
7702,212.5,,
6753,185.0,0.0,
6435882,60.0,,
12506,194.5,,
7476,153.0,0.0064,
163414,,,
8456,268.0,0.0025,
3020082,,,
91978,109.5,,
24473,87.5,,
6106,146.5,0.0,
5365027,96.0,,
5362798,,,
520191,224.0,,
5365909,,,
12327,105.0,,
61659,130.5,,
14434313,,,
10748,334.5,,
94522,,,
7976,135.0,,
62835,94.0,,
61840,110.0,,
109194,,,
3848,,,
5282707,217.0,,
26049,170.0,3.72,
6431015,,,
5281516,261.0,,
6433089,,,
86751,,,
521348,198.0,,
98118,,,
193087,,,
6430892,,,
21363,242.5,,
16666688,,,
6443739,,,
22386,112.222,4.1254,
86733,,,
5315941,,,
3321360,70.5,,
6560,108.5,10.4,
6584,56.889,216.2,
246728,168.5,2.0,
10797,64.444,139.0,
356,125.5,14.1,
11614,106.1,21.7518,
7824,149.0,5.0,
17898,,,
8723,129.0,3.1503,
6386,82.4,40.7,
7997,101.5,35.9,
11529,146.778,2.8502,
7909,116.5,19.9,
8125,121.2,17.4,
8063,102.5,50.0,
6658,101.0,38.5,
11160,114.5,,
12206,118.5,63.0,
11419,165.0,1.0,
12348,149.5,4.8754,
177,21.111,902.0,
61446,250.0,,
6276,137.0,2.2,
6569,79.3,90.6,
7500,136.222,9.6,
12297,136.0,2.49,
8452,130.5,11.4,
440967,166.0,,
18554,92.5,,
7895,105.0,35.4,
7916,97.0,45.0,
10882,144.5,,
7351,148.6,4.33,
11583,127.6,11.6,
10895,66.5,,
31246,144.5,5.2504,
11617,138.5,9.22,
27457,57.0,,
241,80.5,94.8,
261,74.5,111.0,
21057,,,
11747,109.9,20.0267,
82227,155.5,,
7915,88.5,60.37,
8118,142.5,,
9609,91.5,60.2,
69963,,,
5365587,72.0,,
14525,193.0,,
5363233,,,
61808,,,
8093,174.0,1.35,
10104370,,,
5283321,,,
442460,,,
10400,,,
75699,,,
526618,,,
522214,142.0,,
164355,,,
522157,,,
19725,,,
6632,,,
6998,196.5,0.593,
3019960,,,
8077,152.0,4.28,
15380,147.5,,
11176,156.5,,
16058296,,,
18467,60.5,,
11525,170.0,1.5,
23676745,,,
61177,155.5,,
10582,221.5,,
6669,,0.0,
106997,,,
101010,,,
7826,174.0,1.56,
1110,235.0,0.0,
11567,,1.5,
62351,254.0,,
20446,,,
81505,,,
9261,115.5,,
5367807,176.5,,
641294,160.0,,
5280435,203.0,,
107689,,,
14257,196.5,0.412,
7795,179.0,,
5273467,,,
12265,169.5,0.8,
7865,31.5,585.7,
6363,32.389,579.6,
3021997,,,
12401,330.0,0.0,
23617864,,,
7765,103.0,27.6,
121232753,,,
10823,166.0,,
12534,380.222,0.0,
12748,133.5,8.6,
11428,116.0,6.0005,
7284,91.5,47.4,
5369997,,,
8007,77.5,92.9,
11732,113.0,9.15,
85903,,,
11124,79.5,84.04,
162249,,,
7894,96.0,,
24874,63.5,178.0,
1032,140.722,3.53,
31268,87.5,62.7,
15510,41.5,,
14079,220.0,,
5366155,,,
31353,263.0,,
180,56.5,231.0,
11559,,,
7937,144.0,5.65,
1287,,,
12403,356.5,0.0001,
8030,84.0,79.7,
6364,58.5,277.3,
103404,,,
25913,,0.0045,
62580,,,
9256,116.5,,
5320530,300.5,,
85522,50.0,,
6365389,,,
5280934,230.0,0.05,
228769,250.0,,
69885,,,
268475,,,
251531,169.0,,
8025,53.0,200.0,
5144,233.056,0.0706,
65300,233.5,,
62385,187.5,,
527,48.889,317.0,
6850757,,,
11173,156.0,1.0501,
102706,,,
31226,244.5,,
92874,,,
12366,192.5,,
10976,159.0,0.9976,
329983,81.0,,
19602,65.0,,
12367,193.5,,
5368821,,,
8167,126.5,0.0035,
14529,64.0,,
10106,65.0,,
12389,253.722,0.015,
62907,,,
7146,93.0,,
8471,88.9,57.07,
12398,301.778,0.0002,
12257,68.5,138.0,
8073,81.0,82.6,
6558,69.0,138.0,
5283356,115.0,,
12313993,,,
5275520,,,
7852,47.5,310.0,
112491,,,
5284503,,,
13849,,,
11622,262.778,1.0,
8209,263.222,0.0001,
7651,116.0,,
12388,235.5,0.0375,
11251,93.889,52.5,
612,122.0,0.0813,
110923,235.0,,
637195,,,
996,181.75,0.3513,
7344,154.0,3.75,
521238,,,
5364919,138.0,,
5365910,,,
5367460,217.778,,
61098,115.0,,
5283324,,0.59,
5084146,241.0,,
22934582,,,
5281520,99.5,,
11027,200.5,,
12391,270.628,0.0049,
369312,,,
7222,232.0,0.01,
31231,145.0,,
7438,226.5,,
12266,93.0,53.0,
5284421,373.5,,
15448,232.5,,
20928,,,
33166,122.5,,
10402,121.5,,
1549992,,,
11006,286.5,0.0015,
638500,,,
74408,,,
44256573,,,
4100752,,,
10955174,,,
119965,,,
101549,,,
166517,,,
5281535,180.0,,
1201529,,,
80790,,,
5463415,,,
18818,,,
5283363,116.5,,
5752319,,,
2733977,212.0,,
93639,,,
75715,,,
16220109,,,
11735763,,,
16063533,,,
7439,230.5,0.16,
5367681,98.0,,
10975,99.5,,
7283,,,
26289,,,
106746,,,
111416,,,
7361,170.0,0.6,
15219341,,,
156605,,,
18826,,,
61303,293.5,,
70129,,0.06,
5362889,278.0,,
85979,,,
32093,265.5,,
12635160,,,
26068,,,
8364,,,
62539,124.0,,
125468,95.5,0.133,
5364631,108.0,,
20083,180.0,0.24,
65413,,,
11520,,0.74,
17016,226.0,0.035,
8067,120.0,13.8012,
14295,113.5,,
11508,151.5,,
11335,202.0,0.274,
5352461,192.0,,
7147,103.0,,
20861,221.0,,
7249,227.0,0.0356,
61448,162.0,,
107,280.0,,
7938,154.5,,
12209,138.0,6.34,
7802,147.0,1.4026,
30215,133.5,,
26333,200.0,,
11363,104.0,,
17129,71.0,,
81898,,,
16324,142.5,,
9837013,,,
162027,,,
1201521,,,
82229,,,
61812,179.0,,
5352626,,,
62445,193.0,,
33135,90.0,,
576240,270.5,,
5364941,105.0,,
12570,225.0,,
61743,270.0,,
6985,117.5,,
61302,123.5,,
5281163,155.0,,
8185,132.5,,
61814,102.75,,
7662,282.0,,
61020,134.0,5.6255,
460,205.0,0.103,
47167,,,
332,,,
7335,78.056,,
638024,498.5,0.0,
23173,,,
12177,,,
5324489,,,
7633,243.5,,
19707,128.0,0.5,
61235,187.5,,
62003,292.5,,
13576,,,
5321950,,,
6561,64.0,173.0,
125,252.0,0.0008,
4682590,78.0,,
520098,50.0,,
638122,,,
14505,67.0,,
60983,64.0,,
6431148,239.5,,
162409,,,
240925,145.5,,
110977,,,
61634,,,
7353,157.0,,
243783,212.0,,
61124,58.5,,
20499,229.5,,
8834,,,
551316,,,
16331,107.0,,
6885,,,
7958,169.0,1.65,
60979,266.5,,
16330,271.0,,
11039,92.0,,
5273464,,,
61660,91.0,,
61184,130.5,,
12571,133.5,,
5054,278.611,0.0005,
5352899,320.0,,
8050,224.0,0.037,
519539,,,
5354883,,,
61375,,,
20745,,,
61664,,,
61137,185.8,,
24433,303.0,,
61015,180.0,,
7225,,,
11340,214.0,,
7409,204.5,0.1,
12105,199.0,,
8139,267.0,0.0041,
33931,103.0,,
7360,178.5,1.3951,
7775,,,
8138,246.5,,
8655,,,
12988,130.0,20.0,
62144,66.0,,
997,,,
62348,312.5,,
219672,250.5,,
62013,,,
7302,204.5,1.0,
641298,160.5,,
10885,156.9,,
34286,58.5,,
32065,,,
6877,268.0,0.0023,
429065,,,
62592,225.5,,
61311,,,
62024,154.0,,
442495,221.0,0.123,
520326,185.5,,
61450,260.0,,
8361,172.5,0.0,
5362622,,,
62321,221.0,,
13233,106.0,,
519845,220.5,,
61592,196.5,,
4564493,,,
605629,106.5,,
62661,,,
62583,,,
61384,,,
61417,277.0,,
10883,93.5,,
12170,176.0,1.0,
12293,185.5,,
240119,188.0,,
10957,98.0,40.1,
7043,206.0,0.47,
10315,,0.08,
61631,,,
229888,295.5,,
31284,323.0,0.0005,
12041,144.0,,
5366038,,,
335,191.5,0.2475,
28905,,,
12082921,,,
444294,203.889,1.0,
61294,306.5,,
7413,232.5,0.03,
166220,,,
6781,297.778,0.0021,
519786,169.5,,
5355851,,,
6993580,280.0,,
44150680,,,
90817,,,
95392,,,
19844,,,
5365589,159.5,,
21574,67.5,0.08,
68481,246.5,,
6386037,,,
16237,248.0,,
5372195,,,
442343,314.0,,
10409,,,
101363,,,
442482,,,
5363817,127.0,,
5463904,134.0,,
100990,,,
5367719,,,
39914,286.5,,
61403,80.0,,
88792,,,
161960,,,
7822,157.222,2.0027,
10869,,,
64819,,,
15560252,,,
7772,160.0,,
31250,,0.0,
66021,,,
12529,130.5,,
31242,218.5,0.0372,
74279,,,
33637,171.0,1.5,
30249,,,
62571,,,
74901,185.5,,
518810,186.0,,
107098,,,
31229,197.0,,
637523,,,
73555481,,,
31264,123.5,7.5006,
7392,,,
6435840,,,
89802,,,
8052,123.5,,
20508,208.0,,
6438193,,,
85730,,,
174490,,,
108625,,,
6086514,,,
82511,,,
62151,142.0,,
12146,176.0,10.9509,
8078,81.0,97.5083,
8405,242.5,,
77224,,,
86749,,,
5365992,,,
12508,109.5,,
16832,172.5,,
441245,,,
13654,216.5,,
3611,140.0,,
7016,,,
61665,,,
11514,168.5,,
5355254,,,
18686,82.0,,
10873,87.5,,
12044,120.5,,
31227,,,
444683,,,
20748,183.0,,
5365850,,,
3515,153.0,,
5367536,78.0,,
5364519,73.0,,
7465,222.5,,
17623,,,
7936,145.7,5.65,
7757,169.0,0.892,
7170,267.5,,
11613,168.0,,
521869,120.0,,
1712087,,,
62367,,,
7643,91.5,,
6835,,,
7986,211.5,0.0,
10778,208.0,,
5355858,353.0,,
8195,274.444,2.4752,
17000,,,
16296,,,
8400,343.889,1.0,
7562,,,
162239,,,
7055,241.667,0.055,
61967,,,
1001,194.5,0.2325,
6937,224.0,0.02,
33094,,0.16,
7041,260.5,,
7957,176.5,0.21,
7358,146.27,0.9,
11505,217.5,0.053,
8106,152.0,1.2001,
32857,,,
9473,150.5,,
5364532,70.0,,
14511,,,
11332852,,,
12217,168.0,,
107561,,,
6422476,,,
106740,,,
106684,,,
61586,212.0,,
5365982,233.0,,
163263,,,
5366352,,,
12216,195.0,,
12769,,,
61657,66.5,,
12072,,,
16220110,,,
73750,95.5,,
119800,,,
5371802,154.0,,
16678,,,
170977,215.0,,
228588,195.0,,
876,300.5,,
21828,65.0,,
5282724,161.5,,
180122,,,
61047,,,
2724573,,,
78062915,,,
61206,,,
529481,235.5,,
89464,,,
62384,98.5,,
19188,285.0,,
61134,222.0,,
25916,,,
62434,31.5,,
23367,,,
69467,206.5,0.02,
11127402,,,
229387,134.5,,
23623651,260.0,,
522676,260.5,,
5364409,169.0,,
61455,215.0,,
8298,198.0,0.1,
5364778,170.5,,
95294,,,
12578,253.0,,
17586,81.0,,
13663,,,
521246,74.5,,
10817,,,
5367806,,,
82336,,,
61385,110.5,,
19603,209.5,,
8176,88.0,,
101921,,,
95644,,,
287439,223.0,,
62128,165.5,,
5365991,135.0,,
66356,,,
519890,45.0,,
77289,,,
69354,196.0,,
5363291,76.0,,
121790,,,
5352463,91.0,,
62092,,,
3023839,,,
443157,,,
75140,,,
8738,186.0,0.4,
5362583,72.0,,
19137,123.5,,
16582,308.5,,
76674,,,
39801,,,
21265,,,
11982,211.0,,
12729,258.5,,
11576,101.5,,
95539,,,
142266,157.5,,
522677,196.0,,
12344,,,
74915,,,
102993,,,
61296,90.0,,
64678,,,
122941,,,
12230,66.0,,
16846,230.0,,
13016,197.0,,
84559,,,
61410,151.0,,
4047281,120.5,,
5365793,,,
102849,,,
18974564,,,
107073,,,
66282,92.5,,
12530,,,
91339,,,
69415,118.0,,
5273465,,,
5362696,112.0,,
5282184,,,
74791,241.0,,
99818,,,
106743,,,
113640,,,
166400,,,
86680876,,,
8863,252.0,,
3085812,,,
8222,342.722,0.0,
138454964,,,
560255,155.5,,
5281517,,,
43263,185.5,,
17365,,,
12278,133.0,6.9756,
82584,,,
53750858,,,
15435,,,
8791,,,
62105,326.5,,
226486,168.5,,
61516,112.25,,
74786,,,
98492,267.5,,
5352973,125.0,,
17004,237.0,0.025,
569214,,,
5364399,,,
560879,,,
520148,136.0,,
68150,,,
5365891,,,
20995,96.0,,
5352460,105.0,,
31408,235.0,,
228583,179.5,,
57721978,,,
31286,205.2,0.39,
61829,77.0,,
3023838,,,
107074,,,
7989,,,
61183,206.0,,
57357974,,,
5363289,,,
221069,220.5,,
13129857,,,
22227,,,
10877336,,,
141850,,,
79148,,,
57483301,,,
5365872,,,
68960,,,
61261,218.5,,
231325,101.0,,
5463855,,,
88267,,,
101854,,,
16591,197.5,0.375,
5091716,,,
111384,,,
54159794,,,
61030,225.0,,
5375218,102.0,,
578423,245.0,,
61341,130.5,,
78639,,,
105755,,,
5352974,70.0,,
90776,,,
61295,138.0,,
15640305,,,
55250799,,,
78640,,,
80046,,,
61260,,,
69600,,,
107271,,,
5363120,,,
5354238,,,
6438319,,,
61071,143.889,,
5366077,,,
103648,,,
702,78.5,59.3,
8146,202.222,0.1425,
7641,417.0,0.0,
7870,198.0,0.013,
24773,,,
5281,382.778,0.0,
4632,155.0,0.0,
962,100.0,760.0,
5355130,382.0,0.0,
114506,,,
97854,,,
5564,285.0,0.0,
66731260,,,
33960,285.5,,
7584,,,
7528,188.5,70.0,
5463840,,,
7505,190.7,0.7651,
3085817,,,
7667,112.0,0.12,
8133,168.4,0.88,
5385520,,,
7184,156.5,0.0002,
31278,343.0,0.0,
7896,207.5,0.06,
100968,,,
85833,,,
330573,101.0,,
90473619,,,
119831,,,
102120,,,
162002,,,
22336876,,,
105516,,,
103381,,,
5463228,,,
61359,236.5,,
8767,342.0,,
1381163,,,
5463804,,,
9815427,,,
47936,,,
19700,,,
19116,,,
6680,,,
6731,,0.0,
108630,,,
101555,,,
16724,231.0,15.5,
25324,,,
31256,165.0,0.8101,
4685,173.889,1.74,
162248,,,
103826,,,
114530,,,
4943,255.0,,
105595,,,
62510,158.0,,
91375,,,
9815489,209.0,0.1275,
25054,242.222,0.0225,
118199,,,
109457,160.0,,
106749,,,
284,100.722,42.59,
11970928,,,
6440993,,,
6914062,,,
91147,,,
94335,,,
94014,,,
8907,342.0,0.0001,
62825,,,
118119,,,
110371,,,
95594,,,
89479,,,
37066,,,
121232773,,,
121731,119.0,,
1796220,,,
112494,,,
8906,142.0,0.0012,
62118,,,
19223,,,
8858,130.0,8.21,
5370602,,,
540124,,,
35785,,,
8134,193.889,0.25,
105510,,,
7456,275.0,0.0002,
76152,,,
6435903,,,
67005,,,
62329,,0.0,
161675,,,
5354882,113.5,,
172501,,,
6112709,,,
74879,,,
43046,,,
75187,224.5,,
25812,,,
121777,,,
10819,,,
106442,,,
173535,,,
50216,,,
91115,,,
7175,294.5,0.0006,
103401,,,
8833,,,
11095260,,,
105179,,,
517055,450.0,,
9920343,,,
44152459,,,
7501,145.5,6.4,
656582,,,
61006,221.5,,
160138,,,
534931,,,
62328,274.5,,
110747,197.5,,
89385,,,
36822,109.5,,
109332,,,
26042,2750.0,0.0,
23284,380.0,,
91696,,,
5282708,,,
5283349,,,
7618,335.4,0.0,
3034463,,,
3034893,,,
109455,154.0,,
94608,,,
84398,,,
105392,,,
2116,210.0,,
2117,,,
59870763,,,
26412,,,
170284,,,
3034267,,,
9815980,,,
6437808,,,
162627,,,
15433,,0.0,
8177,231.111,0.06,
57483300,,,
105764,,,
5352162,239.5,,
109261,,,
8201,181.5,0.0,
102820,,,
85724,,,
20219,87.5,,
118521,,,
12085802,,,
20058852,,,
6430180,,,
5375215,,,
31954,,,
9859093,,,
8343,383.889,0.0,
6857681,312.0,,
7341,,0.44,
22932,383.0,0.0,
3014024,,,
35821,,,
109417,,,
5463911,135.0,,
94579,,,
24513,218.0,,
6285057,,,
5362695,,,
50941,,,
6364671,,,
25238,,,
97799,,,
13750367,,,
101023,,,
62485,,,
11264493,,,
94623,,,
161949,,,
93221,,,
5284359,1935.0,,
102681,,,
9794495,,,
23716,,,
5367682,108.5,,
8437,226.0,0.09,
61930,,,
61319,124.5,,
62331,,,
15797,300.0,0.0,
904,304.0,0.0012,
79409,,,
5363229,100.0,,
15031854,,,
108424,,,
33344,,0.018,
637497,,,
74937,,,
7076215,,,
24261,2230.0,0.0,
119890,,,
31416,,,
6436546,,,
53470669,,,
6453423,,,
86750,,,
78903,,,
516892,,,
28358,,,
74360,,,
3766139,,,
12174,135.0,,
109641,,,
5353011,,,
49968,,,
236687,,,
162297,,,
6438070,115.0,,
33263,,,
61018,,,
170841464,,,
83511,,,
17877030,,,
106787,,,
44153347,,,
45933907,,,
7197,228.0,0.05,
250096,,,
7336,79.0,,
60990,223.0,,
650,87.5,57.0048,
1068,37.3,502.0,
62725,,,
11579,245.5,,
3033452,,,
61982,59.0,,
103005,,,
6427135,37.0,,
5354280,312.5,,
5362588,,,
19310,,,
7363,264.0,,
62444,142.5,,
11002,185.5,1.2,
61953,70.0,,
92221,,,
62453,,,
61401,130.0,,
14344497,,,
10130039,,,
75695,,,
12662,,,
15559490,,,
75320,286.5,,
167312552,,,
168009828,,,
20836197,,,
51040,,0.0,
162130518,,,
38049,,,
6435059,,,
6445555,,,
6437138,,,
106164,,,
106871,,,
3023551,,,
84614,,,
155771,,,
117549,,,
736889,,,
100031,,,
107512,,,
107334,,,
107129,,,
5271566,218.0,,
28818,,,
5365836,,,
5355715,,,
6436491,,,
212930,113.611,0.33,
5283316,90.5,,
69694,,,
5365137,76.0,,
6436486,,,
94453,,,
5803450,278.0,,
66595,351.0,,
64812,,,
67350,,,
6438041,,,
7678,214.0,0.22,
7169,,,
1757003,,,
94373,,,
6385721,,,
111516,,,
111783,,,
83177,,,
162458,,,
15172,,,
5364526,,,
108355,,,
106731,,,
6455034,,,
522171,,,
86854,,,
118112,,,
53722795,,,
67367311,,,
86002,,,
5875676,,,
62337,,,
58240624,,,
21159742,,,
71586960,,,
20554059,,,
79662,,,
10997258,,,
103825,,,
643941,20.0,,
70694,,,
61275,201.5,,
109244,,,
83442,,,
103719,,,
552119,148.0,,
114523,,,
100938,,,
103447,,,
166527,,,
6434062,,,
243675,270.0,,
11517,,,
106673,,,
44182035,178.0,,
25311,134.0,,
25325,,,
8012,98.5,45.5,
8180,227.889,,
19872333,,,
11085337,166.5,,
83367,,,
61663,,,
83655,233.0,,
139743,,,
8761,,,
84804,,,
27209,295.5,,
5364752,,,
85519,201.5,,
5363203,192.5,,
87813,62.0,,
5282709,226.0,,
117477,161.5,,
76326,156.5,,
5367391,,,
570574,,,
77117,,,
88168807,,,
19754,,,
65288,,,
20858,,,
62553,253.056,,
103788,162.5,,
104513,,,
62069,60.0,,
10925,119.5,,
1567,157.5,1.756,
11950,,,
101144,,,
22571,,,
237332,115.0,0.0053,
109640,,,
6343,34.389,529.0,
6387,66.111,181.0,
7002,243.0,0.067,
7148,218.0,1.5,
641248,,,
94403,,,
8835,245.0,,
97707,,,
931,218.0,0.0825,
95136,,,
4114,,,
5585,,,
97708,,,
109323,,,
62624,,,
11789380,,,
12022011,,,
11064349,,,
22713151,,,
14166207,,,
6930,,,
102714,,,
31241,163.389,2.0,
7093102,,,
62472,,,
24680,,,
5280443,,,
21960447,,,
5590,,,
443314,,,
8202,,,
33022,,,
162275,,,
9875143,,,
528108,,,
8843,,,
154733642,,,
6787,412.778,1.0,
11100884,,,
91333377,,,
168010165,,,
62142,,,
24750,,,
443315,,,
86375,,,
16492,,,
173058,,,
23194,316.111,0.0002,
15771,,,
73245,,,
3450992,,,
168009820,,,
144074858,,,
160426012,,,
313,-85.05,424.0,
168266236,,,
10569,250.0,,
119026203,,,
949,193.889,0.7,
7900,120.0,11.8,
5416,-153.0,,
166486,,,
77509,,,
92862,,,
5363205,,,
20797,,,
92013,,,
