,f1_mass_PC1,f7_surface_shape_Mor_PC2,f6_volume_PC1,f4_volume_PC1,f8_surface_shape_RDF_PC1,f5_volume_PC1,f10_geometry_topology_PC1,f9_whim_PC1,f14_spdiam_PC1,f13_p_vsa_logp_PC5
0,-2.286230105668809,-9.578540829263178,-2.3496777631105927,-2.3308953676602107,-12.851814428838598,-2.267295820685302,-25.49786639848688,-2.594450366585835,-2.207576332116123,-0.5855598962955074
1,-1.7852539650181038,-2.814353879298705,-1.8704566995284333,-1.9400705593424952,-13.792121485380664,-1.9745373282945196,-19.648403325131312,-2.579790003686892,-1.4786883848982304,-0.3240153201808415
2,-1.7290645255892072,-1.7690806178637517,-1.7267994182384463,-1.8071310806735876,-11.830932836614322,-1.909752548754564,-23.412682646100755,-2.2516643992934373,-1.4786883848982304,-0.3920527268349674
3,-0.67203546702581,2.575240218942106,-1.13036273614643,-1.3559907179751711,-11.682689367055236,-1.2778555513478012,-15.565215896657538,-2.0573021206034587,0.1451305885128721,-0.2579518474353592
4,-0.6144551998882777,0.8705896691557395,-0.6217014707059813,-0.6330670138504672,-6.5331584004827885,-0.7009274577931225,-8.11494912612652,-0.9986258313596902,-0.1042807917438956,0.332069534710226
5,-1.1702299522592423,-7.302498094941296,-0.8798484258893171,-0.7697307963290269,-6.626392843475081,-0.7848531949244282,-7.147703348001237,-1.815770081525094,-2.724672918367156,-0.4496026844764558
6,-1.4784373724929911,-1.2419861092998317,-1.5141757381507983,-1.713115118649453,-13.046151965721554,-2.06656116286832,-15.96904859429486,-2.285238355009532,0.0656479186273994,-1.1494242936427357
7,-1.1140405128303468,-6.251983602300589,-0.7361911445993299,-0.6367913176601192,-2.900998508821843,-0.7200684153844731,-3.544793249731713,-1.533493663345464,-2.724672918367156,-0.5176584425637549
8,-0.5048579764477571,2.554384976626473,-1.0643948764269289,-1.1413890655287793,-9.63127328088867,-1.118592968312078,-16.360402896920437,-0.96778369722144,0.0055104009292561,0.5796211420016031
9,1.1669169293327737,14.091065175329543,0.6633088215160317,0.5564392882809645,2.432029929598054,0.4477753945801023,1.7528784078239354,1.3502927608736737,0.7758895731395941,1.0533464622846545
10,-0.4458868816015885,1.8514837194302085,-0.1910022212976697,-0.437041462113191,-3.3256855776153404,-0.4776162858940339,-1.6780387755446289,-0.0334447588887723,1.4711233759028834,-0.7213630501488447
11,-1.7290645255892072,-0.6117886795850905,-1.7267994182384463,-1.8071310806735876,-12.63299891878994,-1.909752548754564,-21.4780863955335,-2.453298092194807,-1.4089721230617498,-0.3606863264596798
12,-0.169390333124742,3.846186414917604,-0.4270690250872884,-0.4515753306386613,-4.855727715521229,-0.4852235895521348,-5.3355190727962905,0.1868493737040928,0.2616357921070702,-0.3839632975513826
13,-0.5048579764477571,1.552893848696325,-1.0643948764269289,-1.1413890655287793,-9.795104810356188,-1.118592968312078,-16.10365394030876,-1.4746206874522163,0.1749147442141755,0.4754232767308614
14,-1.3387982705459318,-0.1581375258046405,-1.3105476752976284,-1.3714329532834832,-9.9351520599174,-1.4852159252540984,-15.908821916640717,-1.81632697099985,-1.1193102349553872,-0.2191707763747359
15,-1.950762462345793,-10.24279846602174,-1.7120793173093014,-1.641081632770093,-10.973149239979875,-1.6339264419253594,-15.727904902891607,-2.570659725892526,-3.3971879493217965,-0.795415599779504
16,1.0000176042964477,5.636119178114835,0.4566822195847028,0.2654894077367125,-0.818159664858202,0.2762429669345383,1.6752732449626613,1.634912400764379,2.485218951367943,0.6816100530339777
17,1.504053565906152,1.8746663666786512,1.524979914794306,1.759889020529019,12.21748908545013,1.848500855239442,16.3936707200217,3.2739621913456647,1.5489487498847558,0.6352827943768056
18,-0.333508002743796,-0.2645512689907805,0.0963123412823056,0.2345595187809468,2.1967753673262567,0.1290048316164578,4.736143079232981,-0.0553039561706887,0.3503885365974323,0.2095338235541679
19,-0.4458868816015885,-5.241618348786266,-0.1910022212976697,-0.0313648568960114,0.9495887334165112,-0.000564727463453,1.2900761022422698,-0.1333326630515866,0.3503885365974323,-0.3563606379151262
20,-0.9471411877940208,0.5233865025586592,-0.5295645426680005,-0.7514726239939051,-6.982204470269321,-0.7581049336749774,-7.246262210420514,-0.5085198752477567,1.9644023036259093,-1.7169602926437284
21,0.7797104952484979,1.864381302570189,0.836133710202658,0.8186393601482708,5.284343952668593,0.8256866085631759,9.7359691788603,0.9974496720561876,1.560253704855998,0.3964581909839667
22,-1.6180764744400506,-5.86155604227635,-1.8044888398089325,-1.928307209504693,-12.184003792009491,-1.786317911979573,-21.450777873315136,-2.1240956843537,0.2347731460489724,-0.5457035561159461
23,-1.088171117449716,-0.4801561440633428,-1.0979239952099813,-1.2774624095984914,-11.22657868882203,-1.642024539367854,-18.2295221719321,-1.5990355917845456,0.5949355435251396,-1.0298467597406424
24,1.0562070437253444,8.271419101711368,0.6003395008746905,0.6012671890142106,3.493592089634762,0.5795535256897846,2.2670464362676768,0.8143869133110422,0.998244525916224,1.2803112909003975
25,-0.4458868816015885,-4.9610718565713245,-0.1910022212976697,-0.2342031595046012,-2.2373997051320065,-0.2390905066787435,-0.9129743492746164,-0.7163416643697849,0.2226083476212763,-0.1795381358263918
26,2.70461604400079,2.115852550626717,0.2497830231917226,0.6838377295745367,-3.610093634250645,0.6345224295418675,-6.382248255715636,0.747741295201549,1.5565374528295686,-0.0710304113917987
27,-0.3365678237027948,9.319016238792145,-0.4927642903451384,-0.6661315647459117,-7.944441185581895,-0.9119687850823712,-12.031185409034505,-1.3917356846742028,0.4398628244789769,-0.2809387431710302
28,-0.0024910080884161,8.720214790334005,-0.2201698286943084,-0.3634183343638575,-6.110354753241361,-0.5522169411218611,-10.720690988308672,-1.1552988616108515,0.7332345673426407,0.3168646479861936
29,0.0536984313404804,11.282562237332623,-0.0765125474043211,-0.2304788556949498,-5.188167375495171,-0.4874321615819061,-5.524051250993807,-0.6886316274365623,0.6891782511909955,-0.1854409674036853
30,1.0000176042964477,6.851926380580501,0.4566822195847028,0.4683277103453029,0.6493283952120591,0.5147687461498288,2.9723550547634185,1.1082343260966872,0.9037548684220528,-0.0925282865515249
31,1.0000176042964477,8.283807910020961,0.4566822195847028,0.4683277103453029,1.5923756975455423,0.5147687461498288,1.738296285685191,1.1658563284315693,0.9037548684220528,0.769852043473189
32,-0.9499228432112928,-0.4986624845630091,-1.2592999165072722,-1.3228807487405851,-11.095275402930003,-1.3342968365530656,-17.580767938125206,-1.998736180739632,-0.4089287220827998,-0.2051546347615516
33,-0.5596565881680173,1.2683171116446803,-0.8430481735664551,-0.8872280396896232,-8.616918417105905,-0.9097602130525998,-11.651385276126042,-1.417741699901686,-0.1765980180949604,-0.1096568589942066
34,-1.5056975955822576,-6.38514469935763,-1.5174468716906089,-1.4595445312191448,-10.593497591955565,-1.4182225736843717,-13.22133901174581,-1.715611434800561,-1.3205125371853594,-0.7361553628708469
35,-0.3896974421726918,0.8732816360824253,-0.047344940007682,-0.1012182624965512,1.092834485781372,-0.1743057271387877,3.025330516593957,-0.6740588949854718,0.8345168547328354,-0.0587146231853376
36,-1.3949877099748285,-1.26754783603831,-1.4542049565876165,-1.5044178502915333,-12.575742884970008,-1.5500007047940536,-21.124527719738158,-2.23565407962412,-0.7404739232705289,-0.3399750205293266
37,-0.0024910080884161,-0.9752754889544006,-0.047344940007682,-0.0313648568960114,-2.63420557460085,-0.060686966051669,-1.2785489060638926,-0.1667328842453174,-0.108040477213415,0.0245160256205515
38,-0.9471411877940208,-5.854976263686397,-0.5295645426680005,-0.5486343213853154,-5.225588002016703,-0.519579154459687,-4.532131045393176,-0.785236682793808,-0.3640123991115525,-0.6554064665233524
39,-0.9471411877940208,-3.508646799276113,-0.5295645426680005,-0.5486343213853154,-5.243233041580953,-0.519579154459687,-4.546357822444829,-0.8688582956721214,-0.3640123991115525,-0.6554064665233524
40,-1.0033306272229168,1.1018926549415136,-0.672949229496337,-0.6816192183933654,-6.537601748434913,-0.8518465464941553,-6.859186155954787,-0.9400326015412048,-0.3640123991115525,-0.385156222150248
41,-0.558265760459381,4.133155670105492,-0.4783167838776446,-0.5000821168424172,-5.392923283457247,-0.6361426782531674,-5.273407727113839,-0.9134681124016109,0.3865247306746441,0.3173261171042751
42,-0.0024910080884161,9.587797492028027,-0.2201698286943084,-0.3634183343638575,-6.553682716394179,-0.5522169411218611,-5.220973009530955,-0.4594628061844364,0.0341325631016554,0.2415323435587739
43,-0.1679995054161057,5.593525823599913,-0.0620650409368269,-0.0644294077914553,-0.7083088934390425,-0.2116060547527016,0.4129000239566174,-0.4230135860922899,0.4429781159041608,0.490257081947092
44,0.2208759219185333,5.045515245392245,-0.0108172821464707,-0.0158772032485571,-1.81695479423718,-0.060686966051669,-0.7786443213070402,0.3268408709844294,-0.0666117255623377,0.4268400344848043
45,0.2208759219185333,4.339568468791106,-0.0108172821464707,-0.0158772032485571,-0.281398028020119,-0.060686966051669,-1.6633891564728491,0.4647214289470032,-0.2469058389297138,0.2361446618458925
46,-0.169390333124742,3.4389207207992887,-0.4270690250872884,-0.4515753306386613,-5.394811118956985,-0.4852235895521348,-5.004042747553236,0.1215188726047123,-0.4738729145455837,0.0632250914660244
47,0.6111421769618087,6.9151369610232765,0.4054344607943461,0.4197755058024048,1.420940066314998,0.363849657448796,3.378156853540449,1.132737356901096,0.067908445093497,0.5997333794079843
48,0.2756745336387936,4.966310067383334,-0.232163985006945,-0.2700382290877131,-3.2109280165436744,-0.2695197213111464,-4.165230946374215,0.0135839825587651,0.0750202415217695,0.1134096156190354
49,-0.7813545249246036,-4.61535342446649,-0.8286006670989609,-0.9240168943947192,-6.837825230764944,-0.8724598854386866,-9.282533596488667,-1.6716588834909871,-0.4174318064585851,-0.7719134867162784
50,-0.9499228432112928,-0.4806832995669314,-1.2592999165072722,-1.3228807487405851,-10.283194550258504,-1.3342968365530656,-16.4948559310292,-1.851848092755104,-0.869937058679479,-0.0936971586457216
51,-0.3910882698813282,-3.5297549370003183,-0.4123489241581435,-0.4883641853437572,-3.1605507765327485,-0.4479232619382208,-4.811324125595951,-1.272811247619504,-0.3560069037516636,-0.5989825218734612
52,0.3894442402052225,-0.9083227316305716,0.4201545617234914,0.3829866510973088,4.52364479682401,0.40114998506271,1.493610795403316,-0.2702107817514519,-0.1062420258674398,-0.2531810010333618
53,-1.3949877099748285,-1.421576585391064,-1.4542049565876165,-1.5044178502915333,-11.924400960296351,-1.5500007047940536,-19.933281996275426,-2.313326303458646,-0.9317056289623036,-0.2044273587687851
54,-1.3387982705459318,0.8974256757353702,-1.3105476752976284,-1.3714329532834832,-10.080675553439445,-1.4852159252540984,-13.804466684578603,-2.0690339646040963,-0.9317056289623036,-0.8181825263512835
55,-0.8937334037823961,1.9105173037756544,-1.115642635217285,-1.1899412700716774,-7.969859227705167,-1.26951205701311,-14.444953350928063,-1.7695929294330934,-0.5992892989775943,-0.1690125275781087
56,-1.895963850625533,-8.436959940646219,-1.9334260201697755,-1.895242658609249,-11.787402458191988,-1.8427591971848367,-16.883167871083522,-2.572663912488295,-2.292918517064669,-1.0997703058896264
57,-1.5056975955822576,-7.430692687706101,-1.5174468716906089,-1.4595445312191448,-10.444708006115103,-1.4182225736843717,-12.864624260687824,-2.1445628796701217,-1.947623468206555,-0.9268507355097584
58,-1.1154313405389822,-6.566611422039241,-1.1011951287497908,-1.023891822168183,-7.596351227830528,-0.9936859501839062,-8.344979274668864,-1.754722609067771,-1.6912331927149689,-0.7539687850495274
59,0.3894442402052225,-1.5496035284901573,0.4201545617234914,0.5858249537058993,4.494045402643315,0.6396757642780005,5.891134529806841,1.219651047829294,-0.7893218298882838,0.5341319728959537
60,-0.333508002743796,-0.96306236407934,0.0963123412823056,0.2345595187809468,2.909719950405248,0.1290048316164578,4.621582625204505,0.4186093385840573,-1.2068104939372075,0.2095338235541679
61,-0.4458868816015885,-6.027315526261664,-0.1910022212976697,-0.0313648568960114,-1.0382799267124951,-0.000564727463453,0.3580159390651828,-0.4364660207291079,-1.2068104939372075,0.3038138113608337
62,-0.3348988304524316,-4.175947407878034,-0.2686916428681563,-0.1525409857271168,-0.8925679749086172,-0.1446127031829752,-1.94239521480189,-0.8540410283344925,-1.2692125352241843,-0.408155869746479
63,0.0553674245908438,-2.797199538658968,0.1475601000726614,0.2831117233238451,1.4968032695382885,0.2799239203174904,0.6800170434381634,-0.2986894170904722,-1.066839634299822,-0.2352739192862476
64,-1.5056975955822576,-7.7656778170495375,-1.5174468716906089,-1.4595445312191448,-9.413452384524083,-1.4182225736843717,-11.734325925276396,-2.220174751205414,-1.989796938858324,-0.9268507355097584
65,0.0553674245908438,-3.084068050726576,0.1475601000726614,0.2831117233238451,4.022612607734645,0.2799239203174904,5.902027718472622,-0.2624802280283163,0.2903683039026197,0.9267595804146416
66,-1.9521532900544296,-7.492761910105955,-2.0770833014597625,-2.2310204398867466,-13.361076528188102,-2.1460697559400828,-24.733735598979543,-2.5071994723313358,-0.5288017432783139,-1.2905969580166088
67,-0.0024910080884161,-0.9752754889544006,-0.047344940007682,-0.0313648568960114,-2.63420557460085,-0.060686966051669,-1.2785489060638926,-0.1667328842453174,-0.108040477213415,0.0245160256205515
68,-1.1154313405389822,-4.572446315546086,-1.1011951287497908,-1.023891822168183,-7.82986750345804,-0.9936859501839062,-7.792077479284167,-1.216669763774802,-1.3935279669985885,-0.5632734124106157
69,-0.7251650854957069,-5.632606148583666,-0.6849433858089736,-0.588239113117221,-5.846368127651539,-0.5691493266834403,-5.833085986836359,-1.192430507787519,-1.4738766943647486,-0.581075440126347
70,-1.5056975955822576,-7.280511516775081,-1.5174468716906089,-1.4595445312191448,-10.02702720794187,-1.4182225736843717,-13.305384285460956,-1.8984978144873736,-1.955016731415782,-0.7361553628708469
71,0.8358999346773947,-0.414896785372182,0.9797909914926456,1.1544625597649103,13.062237662276052,1.1289971673184214,8.535475698325643,0.8342441873849149,-0.644052477842145,0.1105276015538514
72,-1.894573022916897,-8.506572126298487,-1.5686946304809648,-1.508096735762043,-8.072595277176715,-1.569141662385404,-11.189468708906494,-2.3443471783766205,-3.3971879493217965,-0.8634713578668031
73,-1.5043067678736215,-7.259226730408683,-1.1524428875401471,-1.072444026711081,-6.002453002701311,-1.144605038884939,-7.0944709683738685,-1.9643122104559407,-3.029495069646944,-0.6905780129436229
74,-1.5604962073025184,-8.86850310347945,-1.2961001688301348,-1.2053835053799888,-8.464897553679057,-1.209389818424894,-10.926502196731848,-2.205972599078333,-3.029495069646944,-0.6225336493192728
75,-0.0570114542669495,-7.093312208783411,-0.1397544625073135,0.0171873476468867,0.4531572565980224,0.1503543612375796,-2.9573632409771995,-0.1745644665802654,-1.1449524234163828,-0.503653645513824
76,0.0005688128705835,-2.921226736068048,0.3689068029331357,0.537272749163001,2.848729782337886,0.4887566755769678,2.1372891160443936,-0.2423593297148273,-1.4030348839447633,-0.1197608639848416
77,0.0553674245908438,-2.9368024775482784,0.1475601000726614,0.2831117233238451,1.0794904884579777,0.2799239203174904,0.0528640950929403,-0.3823788687711271,-1.4030348839447633,-0.2352739192862476
78,-0.333508002743796,-4.170191818301825,0.0963123412823056,0.2345595187809468,4.676388312141088,0.1290048316164578,3.4004454360752785,-0.5886903805090298,-2.198382549358175,-0.1718569217236554
79,-0.3896974421726918,-5.066736099773358,-0.047344940007682,0.1016200401120392,-1.0131503136957758,0.0642200520765027,-0.9822479943252318,-0.8775210929625171,-2.198382549358175,-0.1038011636363564
80,0.0005688128705835,-4.462022326465478,0.3689068029331357,0.537272749163001,3.7817275270944495,0.4887566755769678,2.448555894544612,-0.3352178374789449,-1.952562956778908,0.0690807868238749
81,-0.0556206265583131,-5.988871119363233,0.225249521643148,0.4043332704940928,4.69208680639545,0.4239718960370127,2.1473972461041715,-0.4864720506344428,-1.952562956778908,-0.5230562557979593
82,0.4470245073427547,-0.4023245226883162,0.928543232702289,1.1059103552220129,12.276983572225456,0.9780780786173888,9.151511704488705,0.6188365838273772,-1.7086619748563527,0.1739559935793928
83,0.3908350679138588,-2.519763107516814,0.7848859514123022,0.972925458213963,7.454418184971248,0.9132932990774336,5.404237120323401,0.2608214295632937,-1.7086619748563527,0.242000357203743
84,0.7235210558196012,-1.5198711092722836,0.6927490233743214,0.8885381840879528,4.04198351323403,0.9994276082385104,7.320539679449825,1.6274123071062707,1.160188913943369,0.0987859008977947
85,1.6119817960963092,16.00844144767292,0.8582138615963751,0.7379309714927703,1.7692575937422788,0.6634792628210902,2.0175606354979623,1.8307619241662316,1.316962421876639,1.7339243737770678
86,-0.1145917214044817,3.2708538041641875,-0.6484157279477624,-0.7057363564778173,-6.992255555161196,-0.694056344811612,-10.22544050336396,-0.8673266579205343,0.3975921169209089,0.5709210524982063
87,-1.2292010471054111,-4.518436025598255,-1.7532410810185766,-1.8797550049617944,-11.977134589064551,-1.6353988232785404,-24.609014046941937,-2.4188528795415185,-0.5495829191864318,-0.6664451659817703
88,0.2208759219185333,4.239258134930504,-0.0108172821464707,-0.0158772032485571,-3.417481982039076,-0.060686966051669,-1.104785675653052,0.9757787232588798,0.2580782852089334,0.5042242091776906
89,-0.5610474158766537,0.4657148824026441,-1.2080521577169163,-1.4771668468062773,-10.657667103071878,-1.4219035270673237,-19.72502068207002,-2.1825857332794696,0.6654982770156026,-0.9328274190669265
90,-0.1145917214044817,4.219979169365517,-0.6484157279477624,-0.7057363564778173,-8.397097612499826,-0.694056344811612,-10.28303066312139,-0.6636301935276532,0.2407378020612874,0.675118917768948
91,0.6097513492531724,3.839899926379056,0.040430476643885,-0.1701633013142493,-1.264008528346258,-0.1482936565659267,-1.9951680923148765,0.0432972661253983,1.3332316693648842,0.4133616062944722
92,-0.1145917214044817,3.2080521527016925,-0.6484157279477624,-0.7057363564778173,-7.046155221467185,-0.694056344811612,-10.471597472860124,-1.1249784775493612,0.1612122658763661,0.0179118398516907
93,-0.5321181995370233,1.0621174110002436,-0.9809809711617752,-1.0143085526092013,-8.770391414821246,-1.0643602551365847,-14.12308467645644,-1.1946501827657934,0.1749147442141755,0.112376314514725
94,-0.5596565881680173,1.4503375032413486,-0.8430481735664551,-0.8872280396896232,-8.06762920577813,-0.9097602130525998,-9.725564133821049,-0.8581002164369719,-0.6397757746991437,-0.1096568589942066
95,-0.5596565881680173,2.623184884955999,-0.8430481735664551,-0.8872280396896232,-9.290821993080057,-0.9097602130525998,-12.709166600171816,-1.520948590806786,-0.3397037532808558,-0.0692513154598218
96,-1.9521532900544296,-8.49634199226911,-2.0770833014597625,-2.028182137278157,-12.72265779191522,-1.9075439767247928,-21.384491067726977,-2.793827505019953,-2.292918517064669,-1.6919073485114606
97,-0.3896974421726918,-2.8961059441379478,-0.047344940007682,0.1016200401120392,1.148594437204054,0.0642200520765027,2.9017972420355345,0.4271491018646436,-1.2068104939372075,0.235776404706708
98,-2.286230105668809,-9.747226371189004,-2.3496777631105927,-2.3308953676602107,-13.916724723669692,-2.267295820685302,-23.473008452364542,-2.8935939450881416,-2.8987253582192176,-1.2726522563498577
99,-1.1168221682476187,-7.932310331386887,-1.4661991129002525,-1.4110377450153888,-10.454433922066633,-1.2673034849833391,-14.943594019170982,-2.148750531414679,-1.3935279669985885,-0.39848108846686
100,-0.0008220148380528,-3.880717509190494,0.0039028187826736,0.1501722446549367,2.9877139597631386,0.2151391407775354,-0.4960148817112998,-0.3065740993808972,-1.048252242184479,-0.8274109619080817
101,-0.7251650854957069,-5.002703580335345,-0.6849433858089736,-0.588239113117221,-5.372322898080222,-0.5691493266834403,-6.265077054658399,-1.3787736968915352,-1.8124378631356448,-0.581075440126347
102,-0.7237742577870713,-4.926092630134521,-0.3199394016585121,-0.201093190270015,-0.0971865738741251,-0.2955317918840073,-0.3339128443872045,-1.0670988063679123,-2.4529782059139063,-0.3447764921035236
103,0.7797104952484979,0.3599518026394142,0.836133710202658,1.0214776627568605,8.749596112064674,1.0642123877784662,10.033343845620786,2.398200409929795,-0.553721951939225,0.5181722725474684
104,0.6111421769618087,7.41727864344656,0.4054344607943461,0.4197755058024048,-0.3854586426088415,0.363849657448796,3.470709827078014,0.1531452729009317,1.139702011137509,0.772484050380145
105,-0.3896974421726918,0.0910413285483185,-0.047344940007682,-0.1012182624965512,-0.872763326080925,-0.1743057271387877,1.0908870094878578,-0.8603474206791573,0.8345168547328354,-0.0587146231853376
106,-2.2300406662399124,-8.5964620848588,-2.2060204818206053,-2.1979558889913027,-12.272215374447562,-2.202511041145347,-18.54673183783824,-2.316782870683804,-2.749977055146044,-1.2857251751701242
107,1.895710648658064,6.095611723901515,2.3062356418855847,2.379803931479455,20.85562654989864,2.308129234324049,29.090861730206587,3.314322438665493,6.3674647085960434e-06,0.4764870758790319
108,-0.9471411877940208,-6.759759715073952,-0.5295645426680005,-0.5486343213853154,-3.80023141527076,-0.519579154459687,-3.516904920930907,-0.8036188120823483,-0.3640123991115525,-0.8994255242068655
109,-1.895963850625533,-9.2356355913913,-1.9334260201697755,-1.895242658609249,-11.65400013659216,-1.8427591971848367,-17.18634130844738,-2.6973501452823325,-2.292918517064669,-1.0223485112771031
110,-1.5618870350111542,-6.697582057570151,-1.660831558518945,-1.7953677308357852,-11.53497325352668,-1.7215331324396177,-19.572071614944647,-2.3856271441149444,-0.3871292237254127,-1.1177150075563775
111,-0.0008220148380528,-2.151425363112796,0.0039028187826736,-0.052666057953653,0.7102760576682233,-0.0233866384377557,0.0886781051467081,-0.6905578061678542,-0.1349147411519958,-0.42610057141323
112,-0.0008220148380528,-1.6149284694815544,0.0039028187826736,-0.052666057953653,-0.1747355733273239,-0.0233866384377557,-1.860229725185456,-0.7427831726205836,-0.2453757249512829,-0.42610057141323
113,0.7797104952484979,0.0244713379860941,0.836133710202658,0.8186393601482708,9.68328770037441,0.8256866085631759,6.45066690403889,0.432246004722256,0.2895232749922712,-0.0802990505731306
114,0.7235210558196012,2.145814382143915,0.6927490233743214,0.8885381840879528,2.500754910419099,0.9994276082385104,6.76736264442246,1.5672984799440504,1.0176066115281135,-0.7635944291269194
115,-1.1716207799678788,-8.35518596738349,-1.2448524100397784,-1.1568313008370903,-8.891535722263091,-1.0584707297238614,-10.699319957346358,-1.228847793437391,-1.8207681397191489,-0.537019486694822
116,-0.0024910080884161,-0.9752754889544006,-0.047344940007682,-0.0313648568960114,-2.63420557460085,-0.060686966051669,-1.2785489060638926,-0.1667328842453174,-0.108040477213415,0.0245160256205515
117,-0.4458868816015885,2.9871047475090795,-0.1910022212976697,-0.437041462113191,-3.2555518606561664,-0.4776162858940339,-2.331156304927823,-0.4714028386221139,2.4457293409243515,-0.2316341935652058
118,1.0562070437253444,6.584167004682684,0.6003395008746905,0.6012671890142106,6.723313022804985,0.5795535256897846,2.730838857883729,0.5812477588675655,1.039232236534696,1.0896159182614855
119,-0.558265760459381,-7.0734507544219465,-0.4783167838776446,-0.5000821168424172,-4.343431175660786,-0.3686600657586544,-5.349352533140871,-0.9718822081513188,-0.1042807917438956,-0.800610054070178
120,-0.3896974421726918,0.0024501688547276,-0.047344940007682,-0.1012182624965512,0.6381577856752089,-0.1743057271387877,2.2059034253273384,-0.6358992419599642,0.2226083476212763,0.0366142531742997
121,0.7797104952484979,-0.2453931038155641,0.836133710202658,0.8186393601482708,8.900482317741453,0.8256866085631759,4.790714399027494,0.3539454580729897,0.0520909262675577,-0.0802990505731306
122,-0.4458868816015885,-2.3837101112097816,-0.1910022212976697,-0.2342031595046012,-2.393647834495509,-0.2390905066787435,-1.566843684096391,-0.8804531489238743,0.8345168547328354,-0.0324720420327974
123,-0.0008220148380528,-3.2095814702349315,0.0039028187826736,0.1501722446549367,1.3729984892911378,0.2151391407775354,1.4320357784243525,0.9146800347228724,-0.6563456362167864,-0.5592937946566471
124,0.0553674245908438,-2.3367361304429437,0.1475601000726614,0.2831117233238451,0.6065621063434078,0.2799239203174904,0.2116400389800249,-0.1206351786978302,-1.066839634299822,-0.2352739192862476
125,0.7235210558196012,0.5520180007030439,0.6927490233743214,0.6856998814793631,8.362938087428066,0.7609018290232201,6.701718127768346,0.563207190410707,-0.0516515840703253,-0.7498578878074882
126,-0.1132008936958453,4.992803073919609,-0.2834117437973007,-0.3185904336306113,-3.7216170625473097,-0.420438810012179,-2.9331103202741917,0.0080522424934076,0.2616357921070702,0.2081737450704515
127,-0.3910882698813282,-3.43206479324161,-0.4123489241581435,-0.4883641853437572,-2.495648033575892,-0.4479232619382208,-3.365292175206619,-1.132736066212107,-0.349101284087204,-0.5989825218734612
128,-0.9471411877940208,-7.346007977521979,-0.5295645426680005,-0.3457960187767249,-4.802423123008911,-0.2810533752443966,-3.800076345013956,-0.1903455202900771,-1.4562867587245878,-0.979276710972508
129,-1.1702299522592423,-6.508692896351752,-0.8798484258893171,-0.7697307963290269,-4.2977852474290605,-0.7848531949244282,-7.018722009996932,-1.413509774718544,-1.754710140154483,-1.0144482573927784
130,-0.7237742577870713,-3.707852731483453,-0.3199394016585121,-0.201093190270015,-1.3354053610271808,-0.2955317918840073,0.5664123118020683,-0.4429442969991063,0.0801817559532858,0.131980749453574
131,-0.9485320155026564,1.894836826162626,-0.8942959323568114,-0.9357802442325214,-7.334338940297733,-1.060679301753633,-8.298579051055526,-0.6931820454017095,-0.869937058679479,-0.5180913322645659
132,-0.4472777093102248,-2.109545740967936,-0.5560062054481308,-0.8241419666212554,-5.545771755159628,-0.751233820693467,-6.967773443636755,-1.466054557734536,0.1451305885128721,-0.8672423630759156
133,-0.7799636972159671,-1.0954769807347295,-0.4635966829484997,-0.5369163898866555,-2.7570816156369817,-0.5988423506392535,-2.087009899911788,-1.2289345182789844,-0.3640123991115525,-0.3269630699248432
134,-0.8389347920621358,-2.8658339548883776,-1.3369893380777589,-1.4441022959108327,-9.949847289384056,-1.2108621997780749,-17.8229463851569,-1.8688416044214664,-0.081837527896954,-0.4935518210585904
135,-0.169390333124742,3.0450793122089617,-0.4270690250872884,-0.4515753306386613,-4.594584340407374,-0.4852235895521348,-5.47833349183847,-0.8593708007279286,-0.1932246735819868,0.6864044118031858
136,0.6659407886820691,6.937941575435616,0.1840877579338727,-0.037223822645341,1.1387254733660406,-0.0835088770259716,1.317032589379499,0.1165618380642519,0.4983551657084134,0.5265794243699822
137,-0.0008220148380528,2.925971747509124,0.0039028187826736,-0.052666057953653,-0.901616174011618,-0.0233866384377557,1.7856707203028677,-0.0033138798358248,1.7899486705529128,-0.3007344194651875
138,-0.9471411877940208,-5.809443009760778,-0.5295645426680005,-0.5486343213853154,-4.330479419070114,-0.519579154459687,-4.310863210250597,-0.9426136927226408,-0.3640123991115525,-1.5178244164677035
139,1.4464732987686195,8.901801354090257,1.0165912438155074,1.0369653164043149,15.001094934996562,1.0040901491902496,7.2590687541507375,1.4552852398694802,1.269519286778089,1.2624978687217172
140,-1.1154313405389822,-5.036157730783973,-1.1011951287497908,-1.023891822168183,-7.633794714072746,-0.9936859501839062,-8.066414928971938,-0.8202125868723741,-0.9534388178702692,-0.5632734124106157
141,0.6097513492531724,4.645307101295174,0.040430476643885,0.032675001294341,-0.3276161566463076,0.0902321226493636,-3.5762904629737,0.3272739362541692,-0.0516515840703253,-0.3299812060301264
142,1.3916746870483594,10.373577273993025,1.2379379466759817,1.291126342243471,9.79582229640848,1.2129229044497276,12.243033550293145,1.48777608275961,1.50927773868911,1.1182855712202444
143,-0.3896974421726918,-5.075002998925887,-0.047344940007682,0.1016200401120392,3.444742333183392,0.0642200520765027,1.7404453650809446,-0.7120419767458325,-2.198382549358175,-0.7640132328319531
144,-0.4458868816015885,-5.141490510481554,-0.1910022212976697,-0.2342031595046012,-2.6432409537567327,-0.2390905066787435,-0.307033768216294,-0.8960329272104929,0.2226083476212763,-0.1795381358263918
145,0.6125330046704451,0.1375761695845352,0.7704384449448081,0.8069214286496108,4.304089840725425,0.9049498047427424,8.97008582922453,1.2263909404385955,1.73820297417906,0.4869899871883734
146,-0.0024910080884161,-0.9752754889544006,-0.047344940007682,-0.0313648568960114,-2.63420557460085,-0.060686966051669,-1.2785489060638926,-0.1667328842453174,-0.108040477213415,0.0245160256205515
147,-0.3896974421726918,-2.302761529764691,-0.047344940007682,0.1016200401120392,1.7780184931794585,0.0642200520765027,3.651970901998741,0.0627837339451446,0.1125947984115288,-0.38262248755413
148,0.8904203808559271,3.894997737663494,0.8993756253056504,0.9766497620236144,4.274361367004576,0.932434256668784,6.581840099249885,2.75406698117556,0.2763426518885772,1.1032318856173418
149,-0.169390333124742,2.918466038087439,-0.4270690250872884,-0.4515753306386613,-4.474414665201166,-0.4852235895521348,-4.926327820981833,-0.411406779750493,-0.4383743463251359,0.0632250914660244
150,0.2208759219185333,4.892609426200592,-0.0108172821464707,-0.0158772032485571,-1.6394393562019511,-0.060686966051669,-1.1069878401081177,0.8484927570703591,-0.2884369133172168,0.2361446618458925
151,-0.9485320155026564,0.0330212535697918,-0.8942959323568114,-0.9357802442325214,-6.965594643551425,-1.060679301753633,-9.779965241170723,-1.4244751236436346,-0.869937058679479,-0.0462512059948677
152,-0.9499228432112928,0.5985692917680877,-1.2592999165072722,-1.3228807487405851,-10.424407014041746,-1.3342968365530656,-17.49887984666628,-2.1418498351751105,-0.5992892989775943,-0.1009567694908096
153,0.4456336796341191,-1.2258703500675618,0.5635392485518279,0.7187644323748069,8.734769629915732,0.7044605438179563,5.096081273407129,0.2399925363840348,-0.8588614937357022,-0.0623543489063796
154,-0.9471411877940208,-6.62076641778219,-0.5295645426680005,-0.3457960187767249,-4.941938476993813,-0.2810533752443966,-3.110142233801967,0.1571343783134805,-1.4562867587245878,-1.8417130123500325
155,-2.2848392779601725,-8.478799617704711,-1.9846737789601316,-1.943794863152147,-11.092641973642264,-1.9936782858858697,-17.142531257299726,-2.1706089686076613,-2.8987253582192176,-0.8456955556077594
156,-0.7251650854957069,-5.06403646607726,-0.6849433858089736,-0.588239113117221,-5.250500730778082,-0.5691493266834403,-5.969456430345104,-1.2907798139370756,-1.4738766943647486,-0.581075440126347
157,-0.3910882698813282,-5.011398825293765,-0.4123489241581435,-0.2855258827351667,-2.1790520846557686,-0.2093974827229303,-4.5733816164128624,-0.7548028704932871,-1.2519520362693353,-1.000292912368313
158,-1.5056975955822576,-8.153341197962762,-1.5174468716906089,-1.4595445312191448,-10.526110658247424,-1.4182225736843717,-13.513027121265338,-2.1971383585864728,-2.2495537734397995,-0.9268507355097584
159,-1.1154313405389822,-5.324776368377687,-1.1011951287497908,-1.023891822168183,-8.091329808326178,-0.9936859501839062,-8.68390963335551,-1.3550940807078624,-1.8207681397191489,-0.5632734124106157
160,-0.7799636972159671,-6.403873964992359,-0.4635966829484997,-0.334078087278065,-3.949510240160125,-0.3603165714239631,-4.164407947007788,-1.3634061049600017,-2.4529782059139063,-0.2767207340162246
161,0.6125330046704451,-1.121600573983664,0.7704384449448081,0.8069214286496108,3.722964142171401,0.9049498047427424,8.47242160173505,1.339181648032358,1.8182145588086327,0.4869899871883734
162,0.7797104952484979,3.65212420537411,0.836133710202658,0.8186393601482708,7.33566315700726,0.8256866085631759,9.542549920209364,0.2003480114324517,1.4458770140638584,0.3964581909839667
163,0.4456336796341191,0.5672783605667,0.5635392485518279,0.7187644323748069,5.216017606073041,0.7044605438179563,8.498754183018399,1.2203898609531465,0.6353092732395232,0.4144028926507178
164,1.560243005335049,4.050797458223702,1.6686371960842927,1.8928284991979267,14.24088561339223,1.913285634779397,19.49995626230433,3.244758184896409,0.3057644743382829,1.054680560489428
165,-0.1132008936958453,4.044874386008971,-0.2834117437973007,-0.3185904336306113,-4.088440057653041,-0.420438810012179,-2.368507440907246,-0.1180571576897863,-0.2851068058606819,0.050160096568968
166,1.0562070437253444,9.443927574912632,0.6003395008746905,0.6012671890142106,3.557249365382003,0.5795535256897846,3.8284891019110794,1.8102466383749656,0.25571164238403,0.6257821740734365
167,0.2208759219185333,4.562204423178198,-0.0108172821464707,-0.0158772032485571,-0.1666788994300652,-0.060686966051669,-1.0704260556464689,-0.1911168878715088,0.0750202415217695,0.2288850510008047
168,-0.8361531366448638,-8.128857072306394,-0.6072539642384871,-0.4670175659469733,-4.501166999852044,-0.4251013509639182,-4.001398078501862,-0.6460457989796529,-1.4562867587245878,0.1309318609006024
169,0.3908350679138588,-1.005169117889603,0.7848859514123022,0.972925458213963,10.734906112988275,0.9132932990774336,8.163633473108675,1.0445310171965554,-0.937120355439669,0.4326957298426546
170,0.3332548007763258,-3.6857540625881855,0.2764972804335037,0.4528400566978486,1.247477118042261,0.5748909847380455,3.609730387791082,0.4609313541544281,0.9177828664245734,0.1147456012462799
171,-0.558265760459381,-4.748014564752787,-0.4783167838776446,-0.5000821168424172,-5.653630004382767,-0.3686600657586544,-7.054928753927406,-0.4915709455708801,0.99591285016554,0.1571367722338103
172,0.3894442402052225,-1.2898339191320611,0.4201545617234914,0.3829866510973088,4.368792332799828,0.40114998506271,2.926764483396848,-0.0894656262085133,0.0751652514822491,-0.2531810010333618
173,-0.0036036702553247,-3.254617152663501,-0.7261051495182489,-0.8269124853089227,-7.721926098389016,-0.5706217080366213,-8.620022264790869,-0.3876048506429256,0.9096774375608244,0.3672714077434424
174,2.061219145985753,11.557151437850097,2.1478582596664526,2.0808150049070524,15.684772889262982,1.9675183479548892,22.31478416308931,3.827708638871228,2.6950419457622194,1.1693366917184445
175,0.6097513492531724,4.003465604466655,0.040430476643885,-0.1701633013142493,-0.3355468102812196,-0.1482936565659267,-0.7255611828122792,-0.3068023817884759,1.085892367095893,-0.6029742041123636
176,0.7797104952484979,3.551942628938229,0.836133710202658,0.8186393601482708,5.382980954745105,0.8256866085631759,11.198494498229524,1.2668965456085508,1.492018687837444,0.3964581909839667
177,-0.169390333124742,2.559736178733208,-0.4270690250872884,-0.4515753306386613,-6.442954851805949,-0.4852235895521348,-5.46811841855245,0.193398892920576,0.0638579425065483,0.3313422587174593
178,-0.1118100659872098,-3.696163572452855,0.0815922403531602,0.0685100708774529,0.0429867594895042,0.1206613372817664,1.073585388925228,0.0051296861180073,0.6314424860483947,-0.4150790700531549
179,-0.7251650854957069,-3.238710168564839,-0.6849433858089736,-0.588239113117221,-4.572717413021542,-0.5691493266834403,-3.758093143258612,0.1025257743584658,-0.7169868428892439,-0.3903424475677987
180,-0.4458868816015885,2.658706258556304,-0.1910022212976697,-0.437041462113191,-2.604984090865797,-0.4776162858940339,-2.488829620452366,0.0034539794137917,2.9918460474431536,-0.2316341935652058
181,0.6097513492531724,3.0566774954228464,0.040430476643885,-0.1701633013142493,-0.8240942203001963,-0.1482936565659267,-0.058027920595253,-0.5833464446778316,1.088031070558671,-0.2234371806647355
182,0.2208759219185333,3.5297921718817102,-0.0108172821464707,-0.0158772032485571,-0.990376567905168,-0.060686966051669,-1.2767376142822946,-0.4734790118694404,0.1264272412154305,0.6084220744484328
183,1.4492549541858917,12.25660019144768,1.7463266176547791,1.4055351385424049,12.479378551460094,1.341756272853048,18.733677085430347,1.418827297515417,3.2488184561856968,0.6506756152168536
184,0.1087752086024677,-1.164464698584533,-0.4387905869382739,-0.5610335279711067,-5.058785949116377,-0.4410521489567103,-3.438840194114672,-0.2507310681700519,1.2547774997897332,-0.3992723371762265
185,-0.7237742577870713,-1.4374977775473323,-0.3199394016585121,-0.201093190270015,-0.968021119240988,-0.2955317918840073,2.5359816652338125,-0.5026953320404233,-0.0634056976292654,0.0366142531742997
186,1.001408432005084,8.707780310233671,0.8216862037351638,0.4497516096361864,2.8591811963823037,0.5788173350131941,6.759179026255792,0.5569354092865839,2.0376153571560884,0.2077576590084295
187,0.1646864824896366,7.142809948290306,-0.1544745634364584,-0.5545387054737874,-5.373873306398022,-0.6025233040222056,-6.048017373960255,-0.8926674985416686,1.40312898105883,-0.9304027113670305
188,2.451485401029029,8.497654636853126,2.5641100026072694,2.5164677139580136,18.66712848268542,2.392054971455356,25.77596883716213,3.331404972104031,3.1289241189684494,1.5329254092805362
189,1.393065514756995,8.817520355641069,1.6026693363647926,1.272550241534355,9.585857901425676,1.2769714933130922,15.405402599274057,0.9839627486133976,3.602128301465968,0.4345118317532127
190,2.451485401029029,11.915385913811663,2.5641100026072694,2.3136294113494245,20.088125234819543,2.153529192240066,26.23525828732459,2.93866969326182,3.1967466157736184,0.8362569057330368
191,1.1137873108628766,1.248547213759038,1.108728171853488,1.121352590530325,9.121839221635298,1.1854384525236858,13.35492079976957,1.385184149801236,1.1007993279342685,1.203474806047644
192,1.0027992597137203,0.6058564223849621,1.186690187885626,1.0397358350919828,4.220343945612657,1.0909606490279176,9.603359307362275,1.3000549365484824,2.6528897609741944,0.407442072424405
193,0.6125330046704451,-1.1085199344123586,0.7704384449448081,0.8069214286496108,6.235405073057315,0.9049498047427424,7.368994831415342,1.0542529815293284,1.34624035727711,-0.322096353788166
194,0.6125330046704451,-2.160241836699288,0.7704384449448081,0.8069214286496108,7.806363821099197,0.9049498047427424,7.442165812579276,0.6076149864950955,0.2767629226892362,0.5805027616374524
195,-0.8923425760737606,-7.158298721243623,-0.7509112455284748,-0.8027953472244714,-6.162514247072682,-0.7284119097191644,-9.13170879349626,-0.5787195380977759,-0.2527801254082693,-0.1373279803018518
196,2.00669869980722,10.3062739405891,2.2285462203150983,2.258627802648349,26.43315950809872,2.164081258604527,28.81569410902705,2.758370167493146,-0.0530082992568097,-0.2157151541920479
197,-0.8361531366448638,-3.871230043238479,-0.6072539642384871,-0.6698558685555631,-4.204598559091194,-0.6636271301792086,-5.387085507435666,-1.2882235356580514,-0.4089287220827998,-0.3542738081168184
198,1.390283859339723,11.0504841945326,0.8729339625255205,0.7011421167876744,3.806320261728,0.7007795904350042,7.655963110401309,1.102535772074977,1.145880486022661,1.0716712165947349
199,-0.4458868816015885,-6.752865274876723,-0.1910022212976697,-0.0313648568960114,-2.381642360171057,-0.000564727463453,0.9798298991728196,0.9238044648961584,-0.5091374619774924,0.1149721605521173
200,1.5588521776264124,2.0065105451164413,1.3036332119338316,1.3028442737421315,13.269246304301449,1.4011423207646736,15.357309056979654,3.249829280017353,1.342765881873308,0.8116855394885474
201,0.0553674245908438,-1.8047210602072208,0.1475601000726614,0.2831117233238451,1.5577340726017663,0.2799239203174904,4.592594573254371,1.9432049236377749,-0.2332359216559344,-0.0445785466473359
202,-0.0024910080884161,-0.9752754889544006,-0.047344940007682,-0.0313648568960114,-2.63420557460085,-0.060686966051669,-1.2785489060638926,-0.1667328842453174,-0.108040477213415,0.0245160256205515
203,1.615041617055309,6.252548134704747,1.4472904932238193,1.4358291707501811,12.459197207105037,1.4659271003046292,16.540784062735955,2.2492203792812933,1.8722123825336088,0.4125313927443592
204,0.0005688128705835,0.7631537305070537,0.3689068029331357,0.3344344465544107,2.6012852586393045,0.2502308963616774,6.527803938283769,0.7681267668069354,0.986685669892134,-0.2622879512823569
205,1.3916746870483594,12.101216905892144,1.2379379466759817,0.8854497370262906,6.321325677440672,1.003353958513659,11.354407555845563,1.1394855353011837,2.1165712932694225,0.5713349821075725
206,0.3332548007763258,-3.975471615555678,0.2764972804335037,0.2500017540892588,0.9035871983364344,0.3363652055227549,3.262875196129564,0.9531852567963932,0.2978978542023801,0.0770418753477317
207,0.6125330046704451,2.415911220729118,0.7704384449448081,0.6040831260410203,3.069018875869965,0.6664240255274518,7.363828329594841,1.1069154003683097,1.5646474203505722,0.6674287543796136
208,1.839521209229167,10.725129036593524,2.162578360595597,1.841187847593366,18.05172091278844,1.7662928963535132,25.00585810425684,1.7615605794990197,3.359587436408064,0.2564069144809225
209,1.001408432005084,11.238702846175192,0.8216862037351638,0.6525899122447768,2.3511796141500056,0.5498605017339715,7.230088790319269,2.040587144227279,1.960241642976312,0.586668384510928
210,1.7833317698002704,3.764273033367765,2.0189210793056094,1.911086671533049,16.745670177719376,1.940033896028848,24.028168719307864,2.2704344259404152,2.6401834979073358,0.753254987727453
211,0.2222667496271697,5.201357545693837,0.3541867020039903,0.3712233012595066,2.683399833638393,0.2129305687477641,4.1814917856631455,0.4072015958171145,-0.2469058389297138,0.6631390324073232
212,0.1098878707693763,4.249069507003493,0.0668721394240158,-0.0975393770260415,-1.6833578671042175,-0.1551647695474372,-0.7358816190536296,0.0471366995122355,0.4802080113139879,-0.0507070093490356
213,0.4442428519254828,1.0589796334916504,0.1988078588630171,0.1288256252581528,1.1903802269517652,0.1923172298032327,3.7210025588413176,-0.2532423465801955,-0.3492922440408527,-0.5054875255005455
214,-0.7799636972159671,-3.4489275331970943,-0.4635966829484997,-0.5369163898866555,-2.7614194050557312,-0.5988423506392535,-2.8403636709543765,-0.9235798742326164,-0.2527801254082693,-0.2316341935652058
215,0.6111421769618087,7.606019065788853,0.4054344607943461,0.0140989005852245,-1.0350090278144377,0.1542807115127283,3.055151513983182,0.2310272114832639,2.012980608521672,0.0348380886285614
216,0.9466098202848238,7.38393588596456,1.0430329065956383,1.109589240692522,7.977789843617356,0.9972190362087392,9.811703905618272,1.301771998652677,0.5718266124322857,1.2143793434922856
217,0.7235210558196012,-0.5915081908242737,0.6927490233743214,0.6856998814793631,3.3826911442778704,0.7609018290232201,7.271809645321014,1.0310538462642576,1.560253704855998,0.4226744967801236
218,1.8381303815205308,7.25951783286308,1.797574376445136,1.4540419247461602,14.355826418612288,1.49267536155408,19.02681776290648,1.8536656037056616,2.3574287037079698,0.2549348120657282
219,0.7783196675398616,1.579653181620913,0.4714023205138472,0.431538855640207,6.289550277593105,0.5520690737637428,4.361472416592664,0.396629560544733,-0.0516515840703253,-0.7453916143310692
220,0.166077310198273,5.293225942069483,0.2105294207140026,0.0354455199820084,-1.1656451326713682,-0.0903799900074821,0.4880742783389931,-0.0083159527605446,1.8416741421754987,0.0184169556773938
221,1.5616338330436843,5.575867390270108,2.0336411802347545,2.077090701097401,22.80955613271589,1.94837739036354,25.64994957858056,2.586103508898422,2.121783112900636,0.9964771360569528
222,0.668722444099341,1.3519592824975275,0.9140957262347956,0.7370226047099286,6.278131552803668,0.7312088050674069,10.334457044455077,-0.0789488516165708,1.0045794484236683,0.07093450865407
223,0.6673316163907054,0.6746412157109687,0.5490917420843338,0.5527149844713124,1.6653082296033033,0.696117049483265,6.303058809386177,1.3894662103303368,1.8182145588086327,0.371514551806604
224,1.504053565906152,0.9242722464833132,1.524979914794306,1.5570507179204285,11.316560656669834,1.609975076024151,18.619773321569888,2.040816834726697,2.6099085203080423,0.330895591450696
225,-0.0024910080884161,-0.9752754889544006,-0.047344940007682,-0.0313648568960114,-2.63420557460085,-0.060686966051669,-1.2785489060638926,-0.1667328842453174,-0.108040477213415,0.0245160256205515
226,0.2194850942098969,4.290107551655125,-0.3758212662969322,-0.6058614287043529,-4.934461699697505,-0.5728302800663925,-6.580695312887182,-1.106943850629246,0.8030831023903139,-0.5076453277527262
227,1.0575978714339809,10.351852680966056,0.9653434850251514,0.5827365066442364,3.930808507329746,0.6436021145531492,9.096374276033917,1.014368837532624,3.1981723583217025,-0.2352739192862476
228,-0.0024910080884161,-0.9752754889544006,-0.047344940007682,-0.0313648568960114,-2.63420557460085,-0.060686966051669,-1.2785489060638926,-0.1667328842453174,-0.108040477213415,0.0245160256205515
229,0.3894442402052225,2.046061780960705,0.4201545617234914,0.3829866510973088,3.7474570362488575,0.40114998506271,6.449637019488407,0.5862267602436366,0.4840755970732948,-0.1399074230069734
230,1.839521209229167,2.761665509841902,2.162578360595597,2.2468644528105477,20.99518831961759,2.2433444547840944,28.310792110453782,3.06605462471337,-0.6442457971767492,0.5560349906430001
231,-0.0024910080884161,-0.9752754889544006,-0.047344940007682,-0.0313648568960114,-2.63420557460085,-0.060686966051669,-1.2785489060638926,-0.1667328842453174,-0.108040477213415,0.0245160256205515
232,0.8358999346773947,2.3335028374323765,0.9797909914926456,1.1544625597649103,9.267907659330056,1.1289971673184214,13.283799187473736,2.71516158545744,0.0842511166441186,0.4919183468316748
233,1.6164324447639449,9.83018414656094,1.8122944773742804,1.822929675258245,21.84785197023908,1.7395446351040618,25.76041851404204,2.445022720532352,1.8905683566761544,1.0009434095333718
234,1.2261661897206693,7.349282981418136,1.3960427344334625,1.3872769662072826,13.73971586938981,1.3150080116035967,16.355847540247186,1.857306594383202,1.6309480479025773,0.133355480530036
235,0.9466098202848238,6.3656256429414455,1.0430329065956383,1.109589240692522,8.51719869275713,0.9972190362087392,9.344184067868786,0.9515909655369408,1.6327503716607945,1.309708219851923
236,0.8906985463976549,2.2028975925033127,0.7584442886321714,0.9003015339257552,11.002561717031092,0.920164412058944,8.114247457574834,1.5480141431318732,-0.578486459821846,0.682144526226433
237,1.950509260378324,6.499775288646485,2.0848889390251104,2.125642905640299,17.564259481540414,2.099296479064572,25.97274672467643,3.220121513680106,-0.6442457971767492,0.1703162678583508
238,-0.0024910080884161,-0.9752754889544006,-0.047344940007682,-0.0313648568960114,-2.63420557460085,-0.060686966051669,-1.2785489060638926,-0.1667328842453174,-0.108040477213415,0.0245160256205515
239,0.1115568640197396,1.149017452956118,0.2909447869009979,0.4160512019927534,5.933879190438724,0.3447086998574455,8.279846359104992,0.6174260339007885,0.2903683039026197,0.8587221737605161
240,-0.558265760459381,-5.710185414782623,-0.4783167838776446,-0.5000821168424172,-4.302873453595007,-0.3686600657586544,-5.582399088835489,-0.9053734034167312,0.1241646354649928,-0.9894517048788944
241,-0.0024910080884161,-0.9752754889544006,-0.047344940007682,-0.0313648568960114,-2.63420557460085,-0.060686966051669,-1.2785489060638926,-0.1667328842453174,-0.108040477213415,0.0245160256205515
242,0.5563435652415485,4.280063695830666,0.6267811636548203,0.6739365316415608,5.491834445176441,0.5726824127082741,5.806133534876374,0.4881982611055551,0.5311622638006167,1.041459773112417
243,0.668722444099341,-1.601500224274805,0.9140957262347956,0.9398609073185183,4.28154990943879,0.969734584282698,10.172556204316466,1.157903031768324,1.73820297417906,0.2167466997854934
244,-0.0024910080884161,-0.9752754889544006,-0.047344940007682,-0.0313648568960114,-2.63420557460085,-0.060686966051669,-1.2785489060638926,-0.1667328842453174,-0.108040477213415,0.0245160256205515
245,-0.4458868816015885,0.5374447302249074,-0.1910022212976697,-0.2342031595046012,-2.980374205328667,-0.2390905066787435,-0.841540541990254,0.169632426628604,1.1155502732944935,-1.04528926595081
246,-0.0024910080884161,-0.9752754889544006,-0.047344940007682,-0.0313648568960114,-2.63420557460085,-0.060686966051669,-1.2785489060638926,-0.1667328842453174,-0.108040477213415,0.0245160256205515
247,-0.0024910080884161,-0.9752754889544006,-0.047344940007682,-0.0313648568960114,-2.63420557460085,-0.060686966051669,-1.2785489060638926,-0.1667328842453174,-0.108040477213415,0.0245160256205515
248,-0.2255797725536387,2.7358402485834725,-0.5704537119156251,-0.5845148093075689,-6.669445377196054,-0.5500083690920898,-9.778619147388174,-1.208959648069352,-0.4383743463251359,0.4109085249146009
249,-0.0024910080884161,-0.9752754889544006,-0.047344940007682,-0.0313648568960114,-2.63420557460085,-0.060686966051669,-1.2785489060638926,-0.1667328842453174,-0.108040477213415,0.0245160256205515
250,-0.4458868816015885,-5.764894155347927,-0.1910022212976697,-0.0313648568960114,1.0063207214757712,-0.000564727463453,1.2523278800538105,0.0218681067839387,-1.2068104939372075,0.2620303304225016
251,0.1646864824896366,5.262995767279821,-0.1544745634364584,-0.1488621002566071,-1.9251754551489897,-0.1254717455916248,-6.051859344137408,-0.3669605650142298,-0.2469058389297138,0.5064063006819459
252,0.2208759219185333,6.349155553087103,-0.0108172821464707,-0.0158772032485571,-0.7905966690911753,-0.060686966051669,-0.8298073608699359,0.9855900109652658,0.4982692113401016,0.0209208325817273
253,-0.5020763210304852,-7.783199274784788,-0.334659502587657,-0.164304335564919,-3.3953735415298216,-0.0653495070034081,-2.170731399986563,0.5776249165432368,-1.2068104939372075,0.3300677370766272
254,-0.4458868816015885,-7.48695108508528,-0.1910022212976697,-0.0313648568960114,-0.4212473932355225,-0.000564727463453,2.321666680403697,0.6512083705972167,-1.2068104939372075,0.2620303304225016
255,-0.169390333124742,5.010446394312697,-0.4270690250872884,-0.4515753306386613,-4.557543399389325,-0.4852235895521348,-6.115530064827494,-0.0285149973865502,0.2616357921070702,0.4784170324733312
256,1.0575978714339809,-1.8560705700667592,0.9653434850251514,0.7855748092528269,6.278153343076358,0.8821278937684397,10.524129443232487,1.3826719309980495,3.0104931363324026,0.249923825807963
257,1.3368760753280993,0.1772734377024846,1.459284649536456,1.3424490654740364,9.410611814312476,1.4507124929884276,14.32779146270949,1.2991157051319338,2.46353235714927,-0.1071418960968353
258,-0.1679995054161057,-3.033175435278983,-0.0620650409368269,-0.0644294077914553,-1.039136349382099,0.0558765577418114,0.6186893292311885,-0.0777770836358847,0.6314424860483947,-0.1448357826502751
259,0.7235210558196012,-3.31721142983076,0.6927490233743214,0.8885381840879528,4.2944968177778815,0.9994276082385104,6.352696555241967,3.1893588227959406,-0.553721951939225,0.5444341221864721
260,-0.0024910080884161,-0.9752754889544006,-0.047344940007682,-0.0313648568960114,-2.63420557460085,-0.060686966051669,-1.2785489060638926,-0.1667328842453174,-0.108040477213415,0.0245160256205515
261,-0.7813545249246036,-6.279354496616419,-0.8286006670989609,-0.7211785917861286,-5.833579593217305,-0.6339341062233962,-7.030975866855757,-0.6215808458483547,-1.8124378631356448,-0.3108059272667793
262,0.0553674245908438,2.2319687015189937,0.1475601000726614,0.0802734207152552,1.9762159246760047,0.0413981411022,5.960981533656576,-0.2603311792091172,0.9030118504842032,0.1186336007513128
263,0.4456336796341191,1.6495517863326834,0.5635392485518279,0.7187644323748069,5.471000885094789,0.7044605438179563,8.003612117991807,1.1660550751098573,0.6372408893642664,0.4144028926507178
264,-0.5020763210304852,-6.325476334330415,-0.334659502587657,-0.3671426381735095,-3.77274943278904,-0.3038752862186986,-3.772327700350686,-0.6822921808905259,-0.1269804819951843,-0.3439716588262998
265,-1.950762462345793,-8.459401753420789,-1.7120793173093014,-1.641081632770093,-9.21456522515624,-1.6339264419253594,-13.715094702435206,-1.889037279027373,-3.3971879493217965,-0.5932097190307497
266,-2.0069519017746904,-10.96576957150626,-1.8557365985992889,-1.7740211114390012,-11.913374687156988,-1.6987112214653148,-18.26368983849341,-2.5817991030877376,-3.3971879493217965,-0.5251723123766241
267,0.9480006479934594,0.4544452987393507,1.4080368907460992,1.293896860931139,7.920579724484327,1.2997934042873949,15.409839356990055,1.4235518362653308,2.624276155274921,-0.6355260021485934
268,0.6125330046704451,-3.125434158968168,0.7704384449448081,0.8069214286496108,4.117258415015077,0.9049498047427424,8.758103543932151,1.4863768856043005,1.73820297417906,0.7310353202282699
269,0.1646864824896366,3.707255716094617,-0.1544745634364584,-0.1488621002566071,-2.2659806584627624,-0.1254717455916248,-5.115530974181193,-0.1738990420215842,-0.2807483598148254,0.5064063006819459
270,-0.4458868816015885,-5.949312292547883,-0.1910022212976697,-0.0313648568960114,-1.1591655027456,-0.000564727463453,-3.1082255420064304,-0.823855460162066,-2.198382549358175,0.1664421237665234
271,0.3346456284849622,-2.997384999915032,0.6415012645839657,0.8399859795450547,8.883458062996036,0.8485085195374779,3.310155664690172,1.7656807862898765,-1.7086619748563527,0.5122436446066228
272,1.4492549541858917,0.8300804824139467,1.7463266176547791,2.014050046368175,17.953968198328816,2.05733361049892,21.115315427329616,3.0438484727735267,1.2798800131971932,0.7250850470429575
273,-1.004721454931553,0.8421936768826557,-1.0379532136467984,-1.0687197229014291,-8.2150759994758,-1.1254640812935883,-14.464327032053308,-1.6796303801031114,-0.869937058679479,0.2239920814080117
274,-1.950762462345793,-9.644199059907791,-1.7120793173093014,-1.641081632770093,-9.713366936253276,-1.6339264419253594,-14.639695889587404,-2.189173370424723,-3.3971879493217965,-0.5932097190307497
275,-0.0024910080884161,-0.9752754889544006,-0.047344940007682,-0.0313648568960114,-2.63420557460085,-0.060686966051669,-1.2785489060638926,-0.1667328842453174,-0.108040477213415,0.0245160256205515
276,-0.0008220148380528,-2.692629450774478,0.0039028187826736,0.1501722446549367,1.2145864314280652,0.2151391407775354,2.504496292318246,1.1121953157434208,-1.066839634299822,0.0349693681166321
277,-0.0024910080884161,-0.9752754889544006,-0.047344940007682,-0.0313648568960114,-2.63420557460085,-0.060686966051669,-1.2785489060638926,-0.1667328842453174,-0.108040477213415,0.0245160256205515
278,-0.0008220148380528,-2.704976155760625,0.0039028187826736,0.1501722446549367,-1.158281803951245,0.2151391407775354,1.299003254013055,0.5225775049503825,-0.4705562984421824,0.2257023606751805
279,0.7797104952484979,0.5886125832075193,0.836133710202658,1.0214776627568605,7.0211341902546165,1.0642123877784662,10.022434429875483,2.100033394956893,-0.6235292626430156,0.3807708889567313
280,-0.0024910080884161,-0.9752754889544006,-0.047344940007682,-0.0313648568960114,-2.63420557460085,-0.060686966051669,-1.2785489060638926,-0.1667328842453174,-0.108040477213415,0.0245160256205515
281,-0.4458868816015885,-5.087826550124065,-0.1910022212976697,-0.0313648568960114,-0.7990348921909395,-0.000564727463453,-1.4569853313448862,0.1829288305122362,-2.198382549358175,0.1664421237665234
282,-0.8361531366448638,-4.984530544205247,-0.6072539642384871,-0.4670175659469733,-4.473159203104166,-0.4251013509639182,-4.702534208107416,-0.7540945906923064,-2.4529782059139063,-0.0064774466133446
283,-0.7799636972159671,-4.757050431395153,-0.4635966829484997,-0.334078087278065,-1.190965801809108,-0.3603165714239631,-1.2220222844674362,-0.3834138760814566,-2.4529782059139063,-0.0745148532674702
284,-1.6166856467314146,-7.582388032690146,-1.4394848556584714,-1.338368402388039,-9.426152609766286,-1.2741745979648498,-12.511746136447844,-1.6632438794024695,-3.029495069646944,-0.3522903619163928
285,-0.8361531366448638,-6.763351992758374,-0.6072539642384871,-0.4670175659469733,-2.7450087490674,-0.4251013509639182,-2.3816586466516423,-0.2130050150479906,-2.4529782059139063,0.1957284341354094
286,-0.7813545249246036,-4.912320048783007,-0.8286006670989609,-0.7211785917861286,-5.662592482217579,-0.6339341062233962,-5.953839763911877,-0.4473857622082028,-1.8124378631356448,-0.3108059272667793
287,-0.3362896581610679,-5.542590409281562,-0.6336956270186175,-0.5396869085743228,-4.238235358865668,-0.4182302379824077,-4.870883435775983,0.0520633596709377,-1.3442303309166983,-0.3901928813540948
288,0.6125330046704451,-1.7439215676143731,0.7704384449448081,0.8069214286496108,5.092082522477421,0.9049498047427424,9.258193143639076,1.0676862516765109,1.8182145588086327,0.9750167579921462
289,1.7271423303713749,-0.0046696564459063,1.8752637980156224,1.980940077133588,20.17762100401628,2.113774895704184,18.464220028221195,3.33159722881132,2.337689316386524,0.6575817489067659
290,0.5563435652415485,0.6470609736998562,0.6267811636548203,0.6739365316415608,2.252153934256191,0.8401650252027872,6.396865115906798,1.4262380474825356,1.8182145588086327,0.7572516260244266
291,0.9452189925761876,5.444995945578107,0.6780289224451761,0.722488736184459,3.1661973643051318,0.7236015014093068,4.196702702191178,1.7811340926154429,0.6733102482678691,0.8522192159849941
292,1.0027992597137203,-3.210047747627265,1.186690187885626,1.242574137700572,7.040778870404173,1.329486428243208,13.571701041479432,2.319578518482666,1.8827565480025403,0.850604930207153
293,0.3880534124965861,-1.5817150714182602,0.0551505775730303,-0.0041592717498971,-0.5390388611669169,0.1275324502632769,1.2798729513562723,-0.0553703834129557,-0.3492922440408527,-0.2352442380976657
294,-0.4458868816015885,-6.665694032724896,-0.1910022212976697,-0.0313648568960114,-0.9284399830243688,-0.000564727463453,-1.6785018391486817,-0.2753194623233795,-2.198382549358175,0.1664421237665234
295,-0.0024910080884161,-0.9752754889544006,-0.047344940007682,-0.0313648568960114,-2.63420557460085,-0.060686966051669,-1.2785489060638926,-0.1667328842453174,-0.108040477213415,0.0245160256205515
296,-0.0024910080884161,-0.9752754889544006,-0.047344940007682,-0.0313648568960114,-2.63420557460085,-0.060686966051669,-1.2785489060638926,-0.1667328842453174,-0.108040477213415,0.0245160256205515
297,-0.0556206265583131,-1.627969193851822,0.225249521643148,0.4043332704940928,2.7162003507757824,0.4239718960370127,4.594387220176932,0.5790976585373595,0.519325618177288,-0.1834786874548948
298,1.393065514756995,4.016368190972226,1.6026693363647926,1.6782268467515349,15.443031641398852,1.754023051743673,17.03691780941985,2.48452503329671,0.8074232332024153,0.7374626316688351
299,0.6125330046704451,-1.3775839767862144,0.7704384449448081,0.8069214286496108,3.83161704559376,0.9049498047427424,7.036824533218733,1.2316399629246526,1.4483579508063529,0.7310353202282699
300,2.11740858541465,8.771254228025041,2.291515540956439,2.010961599306512,15.334958322003695,2.061259960774068,22.83554464335041,2.4446212801341614,3.491199359181306,0.901915473054902
301,-0.0024910080884161,-0.9752754889544006,-0.047344940007682,-0.0313648568960114,-2.63420557460085,-0.060686966051669,-1.2785489060638926,-0.1667328842453174,-0.108040477213415,0.0245160256205515
302,1.839521209229167,7.58449890484029,2.162578360595597,1.841187847593366,17.292133001453557,1.7662928963535132,24.457761329098823,1.4110318935329291,3.359587436408064,0.2564069144809225
303,1.839521209229167,12.553373412927892,2.162578360595597,1.841187847593366,17.341154734673236,1.7662928963535132,24.38844548554684,1.418391499070565,3.404318851335563,0.5245240817323574
304,-0.0024910080884161,-0.9752754889544006,-0.047344940007682,-0.0313648568960114,-2.63420557460085,-0.060686966051669,-1.2785489060638926,-0.1667328842453174,-0.108040477213415,0.0245160256205515
305,0.3332548007763258,-2.76388095824226,0.2764972804335037,0.4528400566978486,1.8334246731179271,0.5748909847380455,3.1433239240217903,1.2593397562849438,-0.1218189350933984,0.4248565882843788
306,3.1761066372284104,13.16571832709207,3.1120248705254383,3.178485425293171,37.54509870507656,3.1640735943064904,38.63338589622919,5.91573270780219,2.4693983935032304,1.724364670442182
307,2.674852331035978,7.971449261119399,2.7737351436167583,2.6612159608038666,34.56574887119065,2.645059167310257,31.9798996847036,2.762908748885986,2.6451564675245924,0.9643626703875562
308,-0.0024910080884161,-0.9752754889544006,-0.047344940007682,-0.0313648568960114,-2.63420557460085,-0.060686966051669,-1.2785489060638926,-0.1667328842453174,-0.108040477213415,0.0245160256205515
309,-0.0024910080884161,-0.9752754889544006,-0.047344940007682,-0.0313648568960114,-2.63420557460085,-0.060686966051669,-1.2785489060638926,-0.1667328842453174,-0.108040477213415,0.0245160256205515
310,1.3916746870483594,9.372477221679205,1.2379379466759817,0.8854497370262906,9.33711534486181,1.003353958513659,11.101866255871808,1.3382067407596434,2.0428374827743,0.3806396094686609
311,1.839521209229167,5.706397390441707,2.162578360595597,2.2468644528105477,18.841554797807444,2.2433444547840944,26.8558206229433,2.89749430773072,0.3535100940839539,0.5027489255180352
